timestamp,method_category,method_name,basis_set,molecule_file,natoms,success,time_seconds,peak_memory_mb,nbasis,energy_hartree,error_message
2026-01-19T09:51:13.759841,force_field,UFF,N/A,molecule_003atoms.xyz,3,True,0.03740072250366211,91.40234375,N/A,2.655781886211174e-13,
2026-01-19T09:51:13.875913,force_field,UFF,N/A,molecule_004atoms.xyz,4,True,0.015971660614013672,91.40234375,N/A,3.7356209337318265e-13,
2026-01-19T09:51:13.991853,force_field,UFF,N/A,molecule_005atoms.xyz,5,True,0.01581740379333496,91.40234375,N/A,1.6390559553145385e-10,
2026-01-19T09:51:14.107699,force_field,UFF,N/A,molecule_006atoms.xyz,6,True,0.0160367488861084,91.40234375,N/A,0.001236503562523766,
2026-01-19T09:51:14.223503,force_field,UFF,N/A,molecule_007atoms.xyz,7,True,0.01576852798461914,91.40234375,N/A,0.0010216371994731248,
2026-01-19T09:51:14.339342,force_field,UFF,N/A,molecule_008atoms.xyz,8,True,0.016019821166992188,91.40234375,N/A,0.0002251366658682113,
2026-01-19T09:51:14.455243,force_field,UFF,N/A,molecule_009atoms.xyz,9,True,0.01618218421936035,91.40234375,N/A,0.002448963354930124,
2026-01-19T09:51:14.571121,force_field,UFF,N/A,molecule_010atoms.xyz,10,True,0.016106605529785156,91.40234375,N/A,0.004544306997375627,
2026-01-19T09:51:14.687078,force_field,UFF,N/A,molecule_020atoms.xyz,20,True,0.017626047134399414,91.40234375,N/A,0.013365859924388742,
2026-01-19T09:51:14.802871,force_field,UFF,N/A,molecule_030atoms.xyz,29,True,0.021086454391479492,91.40234375,N/A,0.02856140580428109,
2026-01-19T09:51:14.918582,force_field,UFF,N/A,molecule_040atoms.xyz,40,True,0.030398130416870117,91.40234375,N/A,0.06412039515189213,
2026-01-19T09:51:15.034494,force_field,UFF,N/A,molecule_050atoms.xyz,49,True,0.036726951599121094,91.40234375,N/A,0.12694272532004894,
2026-01-19T09:51:15.150790,force_field,UFF,N/A,molecule_060atoms.xyz,59,True,0.057978153228759766,91.40234375,N/A,0.17457604421427725,
2026-01-19T09:51:15.266420,force_field,UFF,N/A,molecule_070atoms.xyz,69,False,0.027667999267578125,91.40234375,,,IndexError: unordered_map::at
2026-01-19T09:51:15.382681,force_field,UFF,N/A,molecule_080atoms.xyz,81,True,0.07443356513977051,91.40234375,N/A,0.12126472178289253,
2026-01-19T09:51:15.498583,force_field,UFF,N/A,molecule_090atoms.xyz,90,True,0.09133553504943848,91.40234375,N/A,0.18907176171566106,
2026-01-19T09:51:15.714047,force_field,UFF,N/A,molecule_100atoms.xyz,100,True,0.10862016677856445,91.40234375,N/A,0.23074097216966594,
2026-01-19T09:51:36.657203,force_field,UFF,N/A,molecule_0110atoms.xyz,104,True,20.87374711036682,95.90234375,N/A,0.04884206396774982,
2026-01-19T09:51:36.774349,force_field,UFF,N/A,molecule_0100atoms.xyz,107,False,0.015569686889648438,91.40234375,,,"ValueError: Valence of atom 2 is 5, which is larger than the allowed maximum, 4"
2026-01-19T10:01:36.969940,force_field,UFF,N/A,molecule_0120atoms.xyz,112,False,600.0,92.15234375,,,TIMEOUT
2026-01-19T10:01:37.588029,tight_binding,GFN2-xTB,N/A,molecule_003atoms.xyz,3,True,0.5617992877960205,105.22265625,N/A,-5.0689798246143,
2026-01-19T10:01:38.204470,tight_binding,GFN2-xTB,N/A,molecule_004atoms.xyz,4,True,0.5147454738616943,102.46875,N/A,-4.424195086625185,
2026-01-19T10:01:38.721364,tight_binding,GFN2-xTB,N/A,molecule_005atoms.xyz,5,True,0.47387099266052246,103.21875,N/A,-4.173398158428564,
2026-01-19T10:01:39.337236,tight_binding,GFN2-xTB,N/A,molecule_006atoms.xyz,6,True,0.5562107563018799,105.97265625,N/A,-8.224315840247831,
2026-01-19T10:01:39.953742,tight_binding,GFN2-xTB,N/A,molecule_007atoms.xyz,7,True,0.5260388851165771,103.21875,N/A,-7.584499907459396,
2026-01-19T10:01:40.470816,tight_binding,GFN2-xTB,N/A,molecule_008atoms.xyz,8,True,0.5048341751098633,105.234375,N/A,-7.334294275534524,
2026-01-19T10:01:41.085964,tight_binding,GFN2-xTB,N/A,molecule_009atoms.xyz,9,True,0.58907151222229,104.47265625,N/A,-11.39089899665714,
2026-01-19T10:01:41.703017,tight_binding,GFN2-xTB,N/A,molecule_010atoms.xyz,10,True,0.5839297771453857,104.484375,N/A,-13.532733796522836,
2026-01-19T10:01:42.718868,tight_binding,GFN2-xTB,N/A,molecule_020atoms.xyz,20,True,1.007082462310791,108.4921875,N/A,-19.98843157382279,
2026-01-19T10:01:43.837191,tight_binding,GFN2-xTB,N/A,molecule_030atoms.xyz,29,True,1.104494571685791,110.48828125,N/A,-34.58069112421685,
2026-01-19T10:01:45.053949,tight_binding,GFN2-xTB,N/A,molecule_040atoms.xyz,40,True,1.1264381408691406,109.53515625,N/A,-66.74171234326056,
2026-01-19T10:01:46.278913,tight_binding,GFN2-xTB,N/A,molecule_050atoms.xyz,49,True,1.1365907192230225,110.83203125,N/A,-63.09031576862746,
2026-01-19T10:01:48.201860,tight_binding,GFN2-xTB,N/A,molecule_060atoms.xyz,59,True,1.8576560020446777,115.94921875,N/A,-96.36436413603846,
2026-01-19T10:01:48.318029,tight_binding,GFN2-xTB,N/A,molecule_070atoms.xyz,69,False,0.010230779647827148,0.0,,,Unsupported element: Ba
2026-01-19T10:01:49.848242,tight_binding,GFN2-xTB,N/A,molecule_080atoms.xyz,81,True,1.5119822025299072,119.05859375,N/A,-106.46955971049022,
2026-01-19T10:01:51.276067,tight_binding,GFN2-xTB,N/A,molecule_090atoms.xyz,90,True,1.393986701965332,126.01171875,N/A,-133.96203606451772,
2026-01-19T10:01:52.809307,tight_binding,GFN2-xTB,N/A,molecule_100atoms.xyz,100,True,1.5013782978057861,133.48046875,N/A,-190.6813390860427,
2026-01-19T10:01:56.454958,tight_binding,GFN2-xTB,N/A,molecule_0110atoms.xyz,104,True,3.555941104888916,131.046875,N/A,-151.05191275863413,
2026-01-19T10:02:07.751187,tight_binding,GFN2-xTB,N/A,molecule_0100atoms.xyz,107,True,11.282423973083496,208.125,N/A,211.9966599970569,
2026-01-19T10:02:21.674446,tight_binding,GFN2-xTB,N/A,molecule_0120atoms.xyz,112,True,13.848965406417847,216.484375,N/A,-298.24902801520136,
2026-01-19T10:02:27.246884,tight_binding,GFN2-xTB,N/A,molecule_0130atoms.xyz,132,True,5.530220031738281,202.62109375,N/A,1789.568806942928,
2026-01-19T10:02:32.002205,tight_binding,GFN2-xTB,N/A,molecule_0140atoms.xyz,142,True,4.7069480419158936,209.4765625,N/A,-234.40865782398456,
2026-01-19T10:02:43.995825,tight_binding,GFN2-xTB,N/A,molecule_0150atoms.xyz,144,True,11.972161531448364,243.59375,N/A,-367.92379626575865,
2026-01-19T10:02:51.756733,tight_binding,GFN2-xTB,N/A,molecule_0160atoms.xyz,150,True,7.70430588722229,212.38671875,N/A,-251.98816942042225,
2026-01-19T10:02:51.872912,tight_binding,GFN2-xTB,N/A,molecule_0180atoms.xyz,172,False,0.011529207229614258,0.0,,,"XTBException: Setup of molecular structure failed:
-1- xtb_api_newMolecule: Could not generate molecular structure"
2026-01-19T10:03:12.183082,tight_binding,GFN2-xTB,N/A,molecule_0170atoms.xyz,174,True,20.289963006973267,276.5390625,N/A,67.22691952048734,
2026-01-19T10:03:29.621587,tight_binding,GFN2-xTB,N/A,molecule_0190atoms.xyz,180,True,17.33854866027832,285.64453125,N/A,-449.3281492494456,
2026-01-19T10:03:34.684999,tight_binding,GFN2-xTB,N/A,molecule_0200atoms.xyz,192,True,5.041653871536255,230.74609375,N/A,-283.06749503167157,
2026-01-19T10:03:39.727890,tight_binding,GFN2-xTB,N/A,molecule_0210atoms.xyz,208,True,5.030782699584961,241.30859375,N/A,-302.1645438620375,
2026-01-19T10:04:24.435354,tight_binding,GFN2-xTB,N/A,molecule_0220atoms.xyz,225,False,44.60463356971741,385.109375,,,UNKNOWN_ERROR
2026-01-19T10:04:34.927293,tight_binding,GFN2-xTB,N/A,molecule_0230atoms.xyz,229,True,10.48366379737854,263.90234375,N/A,1352.8769914734453,
2026-01-19T10:05:09.400879,tight_binding,GFN2-xTB,N/A,molecule_0240atoms.xyz,240,False,34.43614101409912,433.06640625,,,UNKNOWN_ERROR
2026-01-19T10:05:51.674278,tight_binding,GFN2-xTB,N/A,molecule_0250atoms.xyz,240,False,42.228915214538574,443.7734375,,,UNKNOWN_ERROR
2026-01-19T10:06:56.405772,tight_binding,GFN2-xTB,N/A,molecule_0270atoms.xyz,276,False,64.64252805709839,501.08203125,,,UNKNOWN_ERROR
2026-01-19T10:07:45.137855,tight_binding,GFN2-xTB,N/A,molecule_0260atoms.xyz,279,False,48.699058532714844,509.59765625,,,UNKNOWN_ERROR
2026-01-19T10:08:31.852259,tight_binding,GFN2-xTB,N/A,molecule_0280atoms.xyz,279,False,46.6505012512207,508.84765625,,,UNKNOWN_ERROR
2026-01-19T10:09:19.199183,tight_binding,GFN2-xTB,N/A,molecule_0290atoms.xyz,279,False,47.31920623779297,509.91015625,,,UNKNOWN_ERROR
2026-01-19T10:09:19.515591,tight_binding,GFN2-xTB,N/A,molecule_0300atoms.xyz,309,False,0.21255064010620117,135.05859375,,,UNKNOWN_ERROR
2026-01-19T10:09:19.832464,tight_binding,GFN2-xTB,N/A,molecule_0310atoms.xyz,327,False,0.2547473907470703,151.34765625,,,UNKNOWN_ERROR
2026-01-19T10:09:20.148320,tight_binding,GFN2-xTB,N/A,molecule_0330atoms.xyz,327,False,0.22452020645141602,151.34765625,,,UNKNOWN_ERROR
2026-01-19T10:09:20.464316,tight_binding,GFN2-xTB,N/A,molecule_0320atoms.xyz,330,False,0.23548102378845215,152.8359375,,,UNKNOWN_ERROR
2026-01-19T10:09:20.780202,tight_binding,GFN2-xTB,N/A,molecule_0350atoms.xyz,337,False,0.233489990234375,153.62890625,,,UNKNOWN_ERROR
2026-01-19T10:09:21.096378,tight_binding,GFN2-xTB,N/A,molecule_0340atoms.xyz,343,False,0.24316668510437012,157.51953125,,,UNKNOWN_ERROR
2026-01-19T10:09:21.412573,tight_binding,GFN2-xTB,N/A,molecule_0360atoms.xyz,361,False,0.2493445873260498,169.46484375,,,UNKNOWN_ERROR
2026-01-19T10:09:21.827955,tight_binding,GFN2-xTB,N/A,molecule_0380atoms.xyz,387,False,0.3930065631866455,172.2890625,,,UNKNOWN_ERROR
2026-01-19T10:09:22.344135,tight_binding,GFN2-xTB,N/A,molecule_0390atoms.xyz,387,False,0.4103975296020508,185.515625,,,UNKNOWN_ERROR
2026-01-19T10:09:22.759720,tight_binding,GFN2-xTB,N/A,molecule_0400atoms.xyz,408,False,0.38805246353149414,187.9609375,,,UNKNOWN_ERROR
2026-01-19T10:09:23.176318,tight_binding,GFN2-xTB,N/A,molecule_0410atoms.xyz,416,False,0.37905073165893555,161.109375,,,UNKNOWN_ERROR
2026-01-19T10:09:23.592721,tight_binding,GFN2-xTB,N/A,molecule_0420atoms.xyz,439,False,0.393918514251709,179.53125,,,UNKNOWN_ERROR
2026-01-19T10:09:24.009067,tight_binding,GFN2-xTB,N/A,molecule_0430atoms.xyz,439,False,0.3871479034423828,187.4375,,,UNKNOWN_ERROR
2026-01-19T10:09:24.424436,tight_binding,GFN2-xTB,N/A,molecule_0440atoms.xyz,439,False,0.3945786952972412,183.8984375,,,UNKNOWN_ERROR
2026-01-19T10:09:24.841461,tight_binding,GFN2-xTB,N/A,molecule_0450atoms.xyz,446,False,0.3880898952484131,187.2265625,,,UNKNOWN_ERROR
2026-01-19T10:09:25.357669,tight_binding,GFN2-xTB,N/A,molecule_0460atoms.xyz,480,False,0.4339277744293213,206.7578125,,,UNKNOWN_ERROR
2026-01-19T10:09:25.874396,tight_binding,GFN2-xTB,N/A,molecule_0470atoms.xyz,480,False,0.4255208969116211,209.08984375,,,UNKNOWN_ERROR
2026-01-19T10:09:26.291207,tight_binding,GFN2-xTB,N/A,molecule_0480atoms.xyz,482,False,0.40822362899780273,191.5,,,UNKNOWN_ERROR
2026-01-19T10:09:26.806656,tight_binding,GFN2-xTB,N/A,molecule_0490atoms.xyz,496,False,0.4574258327484131,206.08203125,,,UNKNOWN_ERROR
2026-01-19T10:09:27.323445,tight_binding,GFN2-xTB,N/A,molecule_0500atoms.xyz,500,False,0.4356069564819336,201.22265625,,,UNKNOWN_ERROR
2026-01-19T10:09:27.840048,tight_binding,GFN2-xTB,N/A,molecule_0510atoms.xyz,504,False,0.40969181060791016,198.578125,,,UNKNOWN_ERROR
2026-01-19T10:09:28.356454,tight_binding,GFN2-xTB,N/A,molecule_0520atoms.xyz,522,False,0.4146997928619385,207.74609375,,,UNKNOWN_ERROR
2026-01-19T10:09:28.872595,tight_binding,GFN2-xTB,N/A,molecule_0530atoms.xyz,532,False,0.44721031188964844,220.3046875,,,UNKNOWN_ERROR
2026-01-19T10:09:29.389200,tight_binding,GFN2-xTB,N/A,molecule_0540atoms.xyz,533,False,0.44470930099487305,217.98046875,,,UNKNOWN_ERROR
2026-01-19T10:09:29.905865,tight_binding,GFN2-xTB,N/A,molecule_0550atoms.xyz,558,False,0.449512243270874,223.82421875,,,UNKNOWN_ERROR
2026-01-19T10:09:30.422944,tight_binding,GFN2-xTB,N/A,molecule_0570atoms.xyz,568,False,0.48252177238464355,227.21875,,,UNKNOWN_ERROR
2026-01-19T10:09:30.940830,tight_binding,GFN2-xTB,N/A,molecule_0560atoms.xyz,572,False,0.4587738513946533,230.88671875,,,UNKNOWN_ERROR
2026-01-19T10:09:31.457858,tight_binding,GFN2-xTB,N/A,molecule_0580atoms.xyz,583,False,0.4796779155731201,237.01953125,,,UNKNOWN_ERROR
2026-01-19T10:09:31.974343,tight_binding,GFN2-xTB,N/A,molecule_0590atoms.xyz,600,False,0.4427621364593506,239.234375,,,UNKNOWN_ERROR
2026-01-19T10:09:32.490884,tight_binding,GFN2-xTB,N/A,molecule_0600atoms.xyz,601,False,0.4812331199645996,238.85546875,,,UNKNOWN_ERROR
2026-01-19T10:09:33.006724,tight_binding,GFN2-xTB,N/A,molecule_0610atoms.xyz,623,False,0.5031378269195557,262.42578125,,,UNKNOWN_ERROR
2026-01-19T10:09:33.522954,tight_binding,GFN2-xTB,N/A,molecule_0620atoms.xyz,625,False,0.46252918243408203,249.6953125,,,UNKNOWN_ERROR
2026-01-19T10:09:34.038966,tight_binding,GFN2-xTB,N/A,molecule_0630atoms.xyz,630,False,0.46689319610595703,248.2265625,,,UNKNOWN_ERROR
2026-01-19T10:09:34.556094,tight_binding,GFN2-xTB,N/A,molecule_0650atoms.xyz,642,False,0.5002129077911377,255.69921875,,,UNKNOWN_ERROR
2026-01-19T10:09:35.072322,tight_binding,GFN2-xTB,N/A,molecule_0640atoms.xyz,655,False,0.5009534358978271,285.50390625,,,UNKNOWN_ERROR
2026-01-19T10:09:35.692900,tight_binding,GFN2-xTB,N/A,molecule_0660atoms.xyz,658,False,0.5304145812988281,282.703125,,,UNKNOWN_ERROR
2026-01-19T10:09:36.210970,tight_binding,GFN2-xTB,N/A,molecule_0670atoms.xyz,658,False,0.5074527263641357,262.75390625,,,UNKNOWN_ERROR
2026-01-19T10:09:36.726315,tight_binding,GFN2-xTB,N/A,molecule_0680atoms.xyz,689,False,0.501699686050415,274.015625,,,UNKNOWN_ERROR
2026-01-19T10:09:37.242164,tight_binding,GFN2-xTB,N/A,molecule_0690atoms.xyz,695,False,0.46597814559936523,249.91796875,,,UNKNOWN_ERROR
2026-01-19T10:09:37.758927,tight_binding,GFN2-xTB,N/A,molecule_0700atoms.xyz,701,False,0.5071136951446533,286.05859375,,,UNKNOWN_ERROR
2026-01-19T10:09:38.374720,tight_binding,GFN2-xTB,N/A,molecule_0710atoms.xyz,708,False,0.5185065269470215,282.53515625,,,UNKNOWN_ERROR
2026-01-19T10:09:38.991069,tight_binding,GFN2-xTB,N/A,molecule_0720atoms.xyz,726,False,0.5138213634490967,292.33984375,,,UNKNOWN_ERROR
2026-01-19T10:09:39.607576,tight_binding,GFN2-xTB,N/A,molecule_0730atoms.xyz,735,False,0.5297541618347168,296.125,,,UNKNOWN_ERROR
2026-01-19T10:09:40.224079,tight_binding,GFN2-xTB,N/A,molecule_0740atoms.xyz,737,False,0.5280606746673584,296.33984375,,,UNKNOWN_ERROR
2026-01-19T10:09:40.840497,tight_binding,GFN2-xTB,N/A,molecule_0750atoms.xyz,741,False,0.5281217098236084,300.24609375,,,UNKNOWN_ERROR
2026-01-19T10:09:41.357426,tight_binding,GFN2-xTB,N/A,molecule_0760atoms.xyz,741,False,0.506882905960083,293.84375,,,UNKNOWN_ERROR
2026-01-19T10:09:41.973053,tight_binding,GFN2-xTB,N/A,molecule_0770atoms.xyz,775,False,0.5461468696594238,311.33203125,,,UNKNOWN_ERROR
2026-01-19T10:09:42.589387,tight_binding,GFN2-xTB,N/A,molecule_0780atoms.xyz,800,False,0.5328967571258545,325.5546875,,,UNKNOWN_ERROR
2026-01-19T10:09:43.205952,tight_binding,GFN2-xTB,N/A,molecule_0790atoms.xyz,807,False,0.5389370918273926,329.875,,,UNKNOWN_ERROR
2026-01-19T10:09:43.822096,tight_binding,GFN2-xTB,N/A,molecule_0800atoms.xyz,807,False,0.5495264530181885,331.453125,,,UNKNOWN_ERROR
2026-01-19T10:09:44.438782,tight_binding,GFN2-xTB,N/A,molecule_0820atoms.xyz,830,False,0.5755095481872559,342.7734375,,,UNKNOWN_ERROR
2026-01-19T10:09:45.155093,tight_binding,GFN2-xTB,N/A,molecule_0900atoms.xyz,902,False,0.6349637508392334,386.05078125,,,UNKNOWN_ERROR
2026-01-19T10:09:45.871810,tight_binding,GFN2-xTB,N/A,molecule_0930atoms.xyz,936,False,0.6375112533569336,400.18359375,,,UNKNOWN_ERROR
2026-01-19T10:09:46.587914,tight_binding,GFN2-xTB,N/A,molecule_0950atoms.xyz,946,False,0.6712644100189209,406.765625,,,UNKNOWN_ERROR
2026-01-19T10:09:47.305280,tight_binding,GFN2-xTB,N/A,molecule_1000atoms.xyz,1009,False,0.7071683406829834,460.671875,,,UNKNOWN_ERROR
2026-01-19T10:09:47.520582,HF,RHF,STO-3G,molecule_003atoms.xyz,3,True,0.12300539016723633,155.4140625,7,-74.96500283241379,
2026-01-19T10:09:47.636623,HF,RHF,STO-3G,molecule_004atoms.xyz,4,True,0.06326913833618164,90.65234375,8,-55.45419622619228,
2026-01-19T10:09:47.752397,HF,RHF,STO-3G,molecule_005atoms.xyz,5,True,0.060158729553222656,92.15234375,9,-39.7246008935284,
2026-01-19T10:09:48.168504,HF,RHF,STO-3G,molecule_006atoms.xyz,6,True,0.3452188968658447,200.84375,14,-113.54646825201368,
2026-01-19T10:09:48.484222,HF,RHF,STO-3G,molecule_007atoms.xyz,7,True,0.2567250728607178,190.09765625,15,-94.02985155008996,
2026-01-19T10:09:48.800556,HF,RHF,STO-3G,molecule_008atoms.xyz,8,True,0.29596567153930664,192.078125,16,-78.30251204439423,
2026-01-19T10:09:49.216463,HF,RHF,STO-3G,molecule_009atoms.xyz,9,True,0.3543434143066406,194.078125,21,-152.12799097250894,
2026-01-19T10:09:49.532762,HF,RHF,STO-3G,molecule_010atoms.xyz,10,True,0.29662322998046875,192.1328125,26,-189.5330945547208,
2026-01-19T10:09:51.459429,HF,RHF,STO-3G,molecule_020atoms.xyz,20,True,1.8721656799316406,237.38671875,44,-232.61723046168012,
2026-01-19T10:09:55.114000,HF,RHF,STO-3G,molecule_030atoms.xyz,29,True,3.5496530532836914,280.453125,73,-458.2767446627945,
2026-01-19T10:10:05.973740,HF,RHF,STO-3G,molecule_040atoms.xyz,40,True,10.799274921417236,537.18359375,128,-1068.0523838611568,
2026-01-19T10:10:17.832038,HF,RHF,STO-3G,molecule_050atoms.xyz,49,True,11.84523892402649,578.83984375,133,-874.7557976843386,
2026-01-19T10:10:42.358974,HF,RHF,STO-3G,molecule_060atoms.xyz,59,True,24.47171688079834,1826.48828125,199,-2209.0066128018966,
2026-01-19T10:10:42.475685,HF,RHF,STO-3G,molecule_070atoms.xyz,69,False,0.012814521789550781,90.65234375,,,BasisNotFoundError: Basis set not found for Ba
2026-01-19T10:10:56.469182,HF,RHF,STO-3G,molecule_080atoms.xyz,81,True,13.937736511230469,2792.9453125,225,-1498.2758720222623,
2026-01-19T10:11:46.177119,HF,RHF,STO-3G,molecule_090atoms.xyz,90,True,49.65196180343628,346.17578125,274,-1997.4728195785392,
2026-01-19T10:13:11.054818,HF,RHF,STO-3G,molecule_100atoms.xyz,100,True,84.82304954528809,367.51953125,348,-3069.976008438827,
2026-01-19T10:14:45.381555,HF,RHF,STO-3G,molecule_0110atoms.xyz,104,True,94.2274558544159,352.67578125,296,-2247.2969837967785,
2026-01-19T10:24:45.554633,HF,RHF,STO-3G,molecule_0100atoms.xyz,107,False,600.0,435.97265625,,,TIMEOUT
2026-01-19T10:24:45.672061,HF,RHF,6-31G(d),molecule_003atoms.xyz,3,True,0.0776677131652832,90.65234375,18,-76.00583451251866,
2026-01-19T10:24:46.087672,HF,RHF,6-31G(d),molecule_004atoms.xyz,4,True,0.3718702793121338,184.078125,20,-56.1794694621033,
2026-01-19T10:24:46.404124,HF,RHF,6-31G(d),molecule_005atoms.xyz,5,True,0.2843747138977051,186.1640625,22,-40.19308879034919,
2026-01-19T10:24:48.726224,HF,RHF,6-31G(d),molecule_006atoms.xyz,6,True,2.2487826347351074,196.65625,36,-115.03020658949566,
2026-01-19T10:24:51.150181,HF,RHF,6-31G(d),molecule_007atoms.xyz,7,True,2.358213186264038,200.8984375,38,-95.20361526656951,
2026-01-19T10:24:52.984830,HF,RHF,6-31G(d),molecule_008atoms.xyz,8,True,1.7417938709259033,201.7578125,40,-79.22504309364402,
2026-01-19T10:24:55.713024,HF,RHF,6-31G(d),molecule_009atoms.xyz,9,True,2.666288375854492,229.67578125,54,-154.06895129649945,
2026-01-19T10:24:58.338226,HF,RHF,6-31G(d),molecule_010atoms.xyz,10,True,2.5934956073760986,241.89453125,68,-191.95796482078217,
2026-01-19T10:25:05.187196,HF,RHF,6-31G(d),molecule_020atoms.xyz,20,True,6.819330215454102,393.84765625,112,-235.3571700729776,
2026-01-19T10:25:14.130450,HF,RHF,6-31G(d),molecule_030atoms.xyz,29,True,8.916907548904419,1605.71875,190,-463.9325206446788,
2026-01-19T10:25:52.718582,HF,RHF,6-31G(d),molecule_040atoms.xyz,40,True,38.49761152267456,342.6953125,344,-1081.8358118560739,
2026-01-19T10:26:44.648647,HF,RHF,6-31G(d),molecule_050atoms.xyz,49,True,51.90943360328674,327.90234375,350,-885.4505301052609,
2026-01-19T10:29:05.746600,HF,RHF,6-31G(d),molecule_060atoms.xyz,59,True,141.0162489414215,453.90234375,522,-2235.426496318408,
2026-01-19T10:29:05.862976,HF,RHF,6-31G(d),molecule_070atoms.xyz,69,False,0.01507425308227539,90.65625,,,BasisNotFoundError: Basis set not found for Ba
2026-01-19T10:30:28.639357,HF,RHF,6-31G(d),molecule_080atoms.xyz,81,True,82.70445704460144,485.87109375,594,-1516.9023562089474,
2026-01-19T10:33:27.451807,HF,RHF,6-31G(d),molecule_090atoms.xyz,90,True,178.77695059776306,581.13671875,732,-2022.4160393330621,
2026-01-19T10:39:15.675260,HF,RHF,6-31G(d),molecule_100atoms.xyz,100,True,348.16069865226746,768.0546875,944,-3109.727153128204,
2026-01-19T10:43:14.410464,HF,RHF,6-31G(d),molecule_0110atoms.xyz,104,True,238.69762468338013,617.82421875,784,-2276.446620658254,
2026-01-19T10:53:14.543872,HF,RHF,6-31G(d),molecule_0100atoms.xyz,107,False,600.0,1320.78515625,,,TIMEOUT
2026-01-19T10:53:14.861411,HF,RHF,cc-pVDZ,molecule_003atoms.xyz,3,True,0.28383970260620117,190.125,24,-76.02319624692112,
2026-01-19T10:53:15.177367,HF,RHF,cc-pVDZ,molecule_004atoms.xyz,4,True,0.23539423942565918,198.8984375,29,-56.192194408451556,
2026-01-19T10:53:16.795198,HF,RHF,cc-pVDZ,molecule_005atoms.xyz,5,True,1.562711238861084,197.6796875,34,-40.19779758523413,
2026-01-19T10:53:19.116524,HF,RHF,cc-pVDZ,molecule_006atoms.xyz,6,True,2.2961044311523438,203.59765625,48,-115.04619033747005,
2026-01-19T10:53:21.438048,HF,RHF,cc-pVDZ,molecule_007atoms.xyz,7,True,2.2590866088867188,205.85546875,53,-95.21749342549244,
2026-01-19T10:53:23.357552,HF,RHF,cc-pVDZ,molecule_008atoms.xyz,8,True,1.8873698711395264,248.68359375,58,-79.23296382134279,
2026-01-19T10:53:27.203689,HF,RHF,cc-pVDZ,molecule_009atoms.xyz,9,True,3.796435832977295,278.42578125,72,-154.08829422228865,
2026-01-19T10:53:30.533817,HF,RHF,cc-pVDZ,molecule_010atoms.xyz,10,True,3.318772554397583,283.09765625,86,-191.9750141805749,
2026-01-19T10:53:36.676860,HF,RHF,cc-pVDZ,molecule_020atoms.xyz,20,True,6.107692003250122,777.78125,154,-235.3756982040331,
2026-01-19T10:54:09.641880,HF,RHF,cc-pVDZ,molecule_030atoms.xyz,29,True,32.901522397994995,294.578125,244,-463.9799987755471,
2026-01-19T10:55:03.175615,HF,RHF,cc-pVDZ,molecule_040atoms.xyz,40,True,53.46351194381714,376.41015625,398,-1081.9174958783326,
2026-01-19T10:56:27.536959,HF,RHF,cc-pVDZ,molecule_050atoms.xyz,49,True,84.26280164718628,375.8828125,434,-885.5244730703498,
2026-01-19T10:59:40.572951,HF,RHF,cc-pVDZ,molecule_060atoms.xyz,59,True,192.97364115715027,502.78125,600,-2235.598343022684,
2026-01-19T10:59:40.689508,HF,RHF,cc-pVDZ,molecule_070atoms.xyz,69,False,0.014212369918823242,90.65625,,,BasisNotFoundError: Basis set not found for Ba
2026-01-19T11:02:00.955669,HF,RHF,cc-pVDZ,molecule_080atoms.xyz,81,True,140.23072624206543,563.09375,729,-1517.0427056991844,
2026-01-19T11:07:03.133709,HF,RHF,cc-pVDZ,molecule_090atoms.xyz,90,True,302.1186578273773,696.203125,864,-2022.5817431499618,
2026-01-19T11:15:33.591602,HF,RHF,cc-pVDZ,molecule_100atoms.xyz,100,True,510.3971381187439,883.015625,1058,-3110.037339179582,
2026-01-19T11:22:18.366315,HF,RHF,cc-pVDZ,molecule_0110atoms.xyz,104,True,404.6849796772003,744.4765625,952,-2276.5869474302463,
2026-01-19T11:32:18.534761,HF,RHF,cc-pVDZ,molecule_0100atoms.xyz,107,False,600.0,1347.109375,,,TIMEOUT
2026-01-19T11:32:20.357979,DFT,SVWN,STO-3G,molecule_003atoms.xyz,3,True,1.7834289073944092,157.53515625,7,-74.73853687834469,
2026-01-19T11:32:21.981334,DFT,SVWN,STO-3G,molecule_004atoms.xyz,4,True,1.5785784721374512,157.08984375,8,-55.29411256528067,
2026-01-19T11:32:23.908382,DFT,SVWN,STO-3G,molecule_005atoms.xyz,5,True,1.8339512348175049,159.42578125,9,-39.616702167482046,
2026-01-19T11:32:26.530113,DFT,SVWN,STO-3G,molecule_006atoms.xyz,6,True,2.5443179607391357,217.0546875,14,-113.21990249314712,
2026-01-19T11:32:28.951371,DFT,SVWN,STO-3G,molecule_007atoms.xyz,7,True,2.3882157802581787,223.9375,15,-93.76587674307349,
2026-01-19T11:32:30.987798,DFT,SVWN,STO-3G,molecule_008atoms.xyz,8,True,1.9908466339111328,224.66015625,16,-78.08844970776249,
2026-01-19T11:32:35.822195,DFT,SVWN,STO-3G,molecule_009atoms.xyz,9,True,4.750795364379883,230.44921875,21,-151.69718901329622,
2026-01-19T11:32:40.959223,DFT,SVWN,STO-3G,molecule_010atoms.xyz,10,True,5.12424373626709,239.234375,26,-189.00665893151321,
2026-01-19T11:32:51.142945,DFT,SVWN,STO-3G,molecule_020atoms.xyz,20,True,10.088608980178833,301.609375,44,-231.98081769124659,
2026-01-19T11:33:13.986467,DFT,SVWN,STO-3G,molecule_030atoms.xyz,29,True,22.755457878112793,411.890625,73,-457.030043460486,
2026-01-19T11:33:47.455403,DFT,SVWN,STO-3G,molecule_040atoms.xyz,40,True,33.40821385383606,713.7109375,128,-1065.0300066325988,
2026-01-19T11:34:24.344532,DFT,SVWN,STO-3G,molecule_050atoms.xyz,49,True,36.79815936088562,812.34765625,133,-872.3669870158219,
2026-01-19T11:36:24.690890,DFT,SVWN,STO-3G,molecule_060atoms.xyz,59,True,120.31743264198303,2083.6875,199,-2203.7987993325846,
2026-01-19T11:36:24.807595,DFT,SVWN,STO-3G,molecule_070atoms.xyz,69,False,0.014504432678222656,90.65625,,,BasisNotFoundError: Basis set not found for Ba
2026-01-19T11:38:12.378614,DFT,SVWN,STO-3G,molecule_080atoms.xyz,81,True,107.48532509803772,3087.11328125,225,-1494.1925484541239,
2026-01-19T11:40:13.054586,DFT,SVWN,STO-3G,molecule_090atoms.xyz,90,True,120.6463074684143,654.9921875,274,-1992.057140236766,
2026-01-19T11:43:32.145186,DFT,SVWN,STO-3G,molecule_100atoms.xyz,100,True,199.02943015098572,759.109375,348,-3061.5038602747572,
2026-01-19T11:53:03.732854,DFT,SVWN,STO-3G,molecule_0110atoms.xyz,104,False,571.5096814632416,683.92578125,,,RuntimeError: SCF did not converge
2026-01-19T12:03:03.864031,DFT,SVWN,STO-3G,molecule_0100atoms.xyz,107,False,600.0,994.125,,,TIMEOUT
2026-01-19T12:03:06.183837,DFT,SVWN,6-31G(d),molecule_003atoms.xyz,3,True,2.2721667289733887,160.63671875,18,-75.84119280531421,
2026-01-19T12:03:08.310812,DFT,SVWN,6-31G(d),molecule_004atoms.xyz,4,True,2.0703961849212646,212.42578125,20,-56.058014909290705,
2026-01-19T12:03:10.747820,DFT,SVWN,6-31G(d),molecule_005atoms.xyz,5,True,2.400635004043579,219.84765625,22,-40.09484867897685,
2026-01-19T12:03:15.599530,DFT,SVWN,6-31G(d),molecule_006atoms.xyz,6,True,4.767237186431885,236.6796875,36,-114.76768798864708,
2026-01-19T12:03:20.853700,DFT,SVWN,6-31G(d),molecule_007atoms.xyz,7,True,5.1849353313446045,248.31640625,38,-94.98495022850138,
2026-01-19T12:03:25.277648,DFT,SVWN,6-31G(d),molecule_008atoms.xyz,8,True,4.393678426742554,252.01953125,40,-79.0291934241007,
2026-01-19T12:03:33.532245,DFT,SVWN,6-31G(d),molecule_009atoms.xyz,9,True,8.211530685424805,287.96875,54,-153.7125262350201,
2026-01-19T12:03:42.385835,DFT,SVWN,6-31G(d),molecule_010atoms.xyz,10,True,8.771915435791016,345.1953125,68,-191.4858283489211,
2026-01-19T12:04:01.179042,DFT,SVWN,6-31G(d),molecule_020atoms.xyz,20,True,18.771973133087158,571.28125,112,-234.77837600257598,
2026-01-19T12:04:27.129448,DFT,SVWN,6-31G(d),molecule_030atoms.xyz,29,True,25.8585102558136,1921.3359375,190,-462.80671551083833,
2026-01-19T12:05:37.080423,DFT,SVWN,6-31G(d),molecule_040atoms.xyz,40,True,69.91615343093872,684.34375,344,-1079.1733253862742,
2026-01-19T12:07:02.237307,DFT,SVWN,6-31G(d),molecule_050atoms.xyz,49,True,85.0980224609375,723.890625,350,-883.3089014666011,
2026-01-19T12:12:41.026380,DFT,SVWN,6-31G(d),molecule_060atoms.xyz,59,True,338.6983850002289,720.20703125,522,-2230.7863059797023,
2026-01-19T12:12:41.141875,DFT,SVWN,6-31G(d),molecule_070atoms.xyz,69,False,0.013502836227416992,90.65625,,,BasisNotFoundError: Basis set not found for Ba
2026-01-19T12:15:50.647950,DFT,SVWN,6-31G(d),molecule_080atoms.xyz,81,True,189.4377624988556,797.48828125,594,-1513.1311007866548,
2026-01-19T12:20:01.485330,DFT,SVWN,6-31G(d),molecule_090atoms.xyz,90,True,250.7423963546753,948.4921875,732,-2017.5232976656189,
2026-01-19T12:30:01.664276,DFT,SVWN,6-31G(d),molecule_100atoms.xyz,100,False,600.0,1184.98828125,,,TIMEOUT
2026-01-19T12:30:03.982957,DFT,SVWN,cc-pVDZ,molecule_003atoms.xyz,3,True,2.2435481548309326,215.43359375,24,-75.85491021297493,
2026-01-19T12:30:06.413433,DFT,SVWN,cc-pVDZ,molecule_004atoms.xyz,4,True,2.3833765983581543,220.83984375,29,-56.06647260040111,
2026-01-19T12:30:09.746489,DFT,SVWN,cc-pVDZ,molecule_005atoms.xyz,5,True,3.2959859371185303,229.265625,34,-40.095289898514544,
2026-01-19T12:30:14.479648,DFT,SVWN,cc-pVDZ,molecule_006atoms.xyz,6,True,4.671375036239624,255.96875,48,-114.77953141030099,
2026-01-19T12:30:19.310215,DFT,SVWN,cc-pVDZ,molecule_007atoms.xyz,7,True,4.7954792976379395,274.12109375,53,-94.99342691052279,
2026-01-19T12:30:23.655546,DFT,SVWN,cc-pVDZ,molecule_008atoms.xyz,8,True,4.308503866195679,310.3515625,58,-79.03188999533711,
2026-01-19T12:30:32.587871,DFT,SVWN,cc-pVDZ,molecule_009atoms.xyz,9,True,8.90272307395935,348.078125,72,-153.72725079554777,
2026-01-19T12:30:42.036705,DFT,SVWN,cc-pVDZ,molecule_010atoms.xyz,10,True,9.406861066818237,411.77734375,86,-191.50029244330827,
2026-01-19T12:31:01.130006,DFT,SVWN,cc-pVDZ,molecule_020atoms.xyz,20,True,19.055226802825928,1065.8203125,154,-234.78906083334343,
2026-01-19T12:31:52.481212,DFT,SVWN,cc-pVDZ,molecule_030atoms.xyz,29,True,51.296844720840454,583.46875,244,-462.84705020125193,
2026-01-19T12:33:13.625263,DFT,SVWN,cc-pVDZ,molecule_040atoms.xyz,40,True,81.07747650146484,757.1796875,398,-1079.2633556285416,
2026-01-19T12:35:10.519354,DFT,SVWN,cc-pVDZ,molecule_050atoms.xyz,49,True,116.85042691230774,825.765625,434,-883.379757861313,
2026-01-19T12:41:51.596289,DFT,SVWN,cc-pVDZ,molecule_060atoms.xyz,59,True,401.0235002040863,1070.6328125,600,-2230.9659723813834,
2026-01-19T12:41:51.713126,DFT,SVWN,cc-pVDZ,molecule_070atoms.xyz,69,False,0.014025211334228516,90.65625,,,BasisNotFoundError: Basis set not found for Ba
2026-01-19T12:46:22.963841,DFT,SVWN,cc-pVDZ,molecule_080atoms.xyz,81,True,271.1474816799164,915.94140625,729,-1513.2613035011059,
2026-01-19T12:52:27.583895,DFT,SVWN,cc-pVDZ,molecule_090atoms.xyz,90,True,364.596164226532,1108.33984375,864,-2017.6900189802154,
2026-01-19T13:02:27.780980,DFT,SVWN,cc-pVDZ,molecule_100atoms.xyz,100,False,600.0,1326.1171875,,,TIMEOUT
2026-01-19T13:02:29.710215,DFT,PBE,STO-3G,molecule_003atoms.xyz,3,True,1.867992639541626,160.140625,7,-75.23272946510917,
2026-01-19T13:02:31.428212,DFT,PBE,STO-3G,molecule_004atoms.xyz,4,True,1.6245830059051514,168.5625,8,-55.712769173651495,
2026-01-19T13:02:33.450734,DFT,PBE,STO-3G,molecule_005atoms.xyz,5,True,1.9443738460540771,176.11328125,9,-39.9673134970094,
2026-01-19T13:02:35.776616,DFT,PBE,STO-3G,molecule_006atoms.xyz,6,True,2.3087174892425537,242.8359375,14,-114.0310798028566,
2026-01-19T13:02:38.109565,DFT,PBE,STO-3G,molecule_007atoms.xyz,7,True,2.32243275642395,250.296875,15,-94.50207949837677,
2026-01-19T13:02:40.133576,DFT,PBE,STO-3G,molecule_008atoms.xyz,8,True,1.9532039165496826,254.91796875,16,-78.75714519703124,
2026-01-19T13:02:45.269625,DFT,PBE,STO-3G,molecule_009atoms.xyz,9,True,5.0808751583099365,277.98828125,21,-152.82556241171346,
2026-01-19T13:02:50.302627,DFT,PBE,STO-3G,molecule_010atoms.xyz,10,True,4.9677934646606445,294.6015625,26,-190.4347962469259,
2026-01-19T13:02:59.163137,DFT,PBE,STO-3G,molecule_020atoms.xyz,20,True,8.81058144569397,412.9609375,44,-233.91623683642902,
2026-01-19T13:03:19.196573,DFT,PBE,STO-3G,molecule_030atoms.xyz,29,True,19.969146490097046,566.7109375,73,-460.6457935827498,
2026-01-19T13:03:57.696105,DFT,PBE,STO-3G,molecule_040atoms.xyz,40,True,38.40248441696167,1032.7421875,128,-1072.7388308590478,
2026-01-19T13:04:37.170362,DFT,PBE,STO-3G,molecule_050atoms.xyz,49,True,39.46563744544983,1114.41015625,133,-879.1772643963659,
2026-01-19T13:06:52.637837,DFT,PBE,STO-3G,molecule_060atoms.xyz,59,True,135.43338775634766,2624.45703125,199,-2216.6356891345945,
2026-01-19T13:06:52.753089,DFT,PBE,STO-3G,molecule_070atoms.xyz,69,False,0.01291346549987793,90.65625,,,BasisNotFoundError: Basis set not found for Ba
2026-01-19T13:08:51.513477,DFT,PBE,STO-3G,molecule_080atoms.xyz,81,True,118.66345643997192,3550.625,225,-1505.9130294853971,
2026-01-19T13:11:11.524302,DFT,PBE,STO-3G,molecule_090atoms.xyz,90,True,139.9825291633606,1209.1484375,274,-2007.2421998650489,
2026-01-19T13:14:57.608331,DFT,PBE,STO-3G,molecule_100atoms.xyz,100,True,226.03100419044495,1467.24609375,348,-3083.4777728798745,
2026-01-19T13:24:57.742553,DFT,PBE,STO-3G,molecule_0110atoms.xyz,104,False,600.0,1330.78125,,,TIMEOUT
2026-01-19T13:24:59.761755,DFT,PBE,6-31G(d),molecule_003atoms.xyz,3,True,1.9897069931030273,175.05078125,18,-76.3200453411846,
2026-01-19T13:25:02.089805,DFT,PBE,6-31G(d),molecule_004atoms.xyz,4,True,2.247291088104248,234.23828125,20,-56.4681523850177,
2026-01-19T13:25:04.308535,DFT,PBE,6-31G(d),molecule_005atoms.xyz,5,True,2.1263415813446045,246.23828125,22,-40.443546119511254,
2026-01-19T13:25:09.046384,DFT,PBE,6-31G(d),molecule_006atoms.xyz,6,True,4.682574987411499,296.5703125,36,-115.56515118191783,
2026-01-19T13:25:13.788820,DFT,PBE,6-31G(d),molecule_007atoms.xyz,7,True,4.668936014175415,313.515625,38,-95.71327811376015,
2026-01-19T13:25:18.532201,DFT,PBE,6-31G(d),molecule_008atoms.xyz,8,True,4.669642925262451,322.69140625,40,-79.69600443271216,
2026-01-19T13:25:26.578072,DFT,PBE,6-31G(d),molecule_009atoms.xyz,9,True,7.9748594760894775,383.91015625,54,-154.8263095452009,
2026-01-19T13:25:34.834080,DFT,PBE,6-31G(d),molecule_010atoms.xyz,10,True,8.166534423828125,459.76953125,68,-192.90250882581617,
2026-01-19T13:25:54.150466,DFT,PBE,6-31G(d),molecule_020atoms.xyz,20,True,19.231127738952637,761.93359375,112,-236.71079220171666,
2026-01-19T13:26:19.887025,DFT,PBE,6-31G(d),molecule_030atoms.xyz,29,True,25.63451385498047,2238.8203125,190,-466.40365831286726,
2026-01-19T13:27:35.927280,DFT,PBE,6-31G(d),molecule_040atoms.xyz,40,True,75.97918343544006,1393.41796875,344,-1086.8185258918331,
2026-01-19T13:29:15.522333,DFT,PBE,6-31G(d),molecule_050atoms.xyz,49,True,99.5786702632904,1420.6953125,350,-890.0921880534033,
2026-01-19T13:35:10.557981,DFT,PBE,6-31G(d),molecule_060atoms.xyz,59,True,355.0159215927124,2010.63671875,522,-2243.505244658663,
2026-01-19T13:35:10.674239,DFT,PBE,6-31G(d),molecule_070atoms.xyz,69,False,0.013735055923461914,90.65625,,,BasisNotFoundError: Basis set not found for Ba
2026-01-19T13:39:19.967078,DFT,PBE,6-31G(d),molecule_080atoms.xyz,81,True,249.25737643241882,2286.98828125,594,-1524.80736908868,
2026-01-19T13:43:54.311840,DFT,PBE,6-31G(d),molecule_090atoms.xyz,90,True,274.29273557662964,2742.5859375,732,-2032.6305809700189,
2026-01-19T13:53:54.544636,DFT,PBE,6-31G(d),molecule_100atoms.xyz,100,False,600.0,3502.109375,,,TIMEOUT
2026-01-19T13:53:56.774316,DFT,PBE,cc-pVDZ,molecule_003atoms.xyz,3,True,2.1911656856536865,230.234375,24,-76.33361264516275,
2026-01-19T13:53:59.114534,DFT,PBE,cc-pVDZ,molecule_004atoms.xyz,4,True,2.307251214981079,254.90625,29,-56.47642982990327,
2026-01-19T13:54:03.045834,DFT,PBE,cc-pVDZ,molecule_005atoms.xyz,5,True,3.8290300369262695,275.64453125,34,-40.443695681529995,
2026-01-19T13:54:07.801267,DFT,PBE,cc-pVDZ,molecule_006atoms.xyz,6,True,4.6730265617370605,330.671875,48,-115.57678432191588,
2026-01-19T13:54:12.543081,DFT,PBE,cc-pVDZ,molecule_007atoms.xyz,7,True,4.7075653076171875,363.7109375,53,-95.72154083341526,
2026-01-19T13:54:16.664219,DFT,PBE,cc-pVDZ,molecule_008atoms.xyz,8,True,4.112924098968506,390.109375,58,-79.69840510658071,
2026-01-19T13:54:25.728783,DFT,PBE,cc-pVDZ,molecule_009atoms.xyz,9,True,8.998067378997803,466.58203125,72,-154.84075648776553,
2026-01-19T13:54:35.387352,DFT,PBE,cc-pVDZ,molecule_010atoms.xyz,10,True,9.61694884300232,572.87109375,86,-192.9165798976331,
2026-01-19T13:54:53.197160,DFT,PBE,cc-pVDZ,molecule_020atoms.xyz,20,True,17.71766948699951,1319.484375,154,-236.72109453786388,
2026-01-19T13:55:46.148726,DFT,PBE,cc-pVDZ,molecule_030atoms.xyz,29,True,52.93478751182556,993.0,244,-466.44300429406667,
2026-01-19T13:57:12.501668,DFT,PBE,cc-pVDZ,molecule_040atoms.xyz,40,True,86.30938220024109,1541.04296875,398,-1086.9080545681948,
2026-01-19T13:59:17.629924,DFT,PBE,cc-pVDZ,molecule_050atoms.xyz,49,True,125.10746145248413,1610.5625,434,-890.1610839023742,
2026-01-19T14:06:09.992936,DFT,PBE,cc-pVDZ,molecule_060atoms.xyz,59,True,412.28272557258606,2304.96484375,600,-2243.6806434627647,
2026-01-19T14:06:10.110037,DFT,PBE,cc-pVDZ,molecule_070atoms.xyz,69,False,0.014850616455078125,90.65625,,,BasisNotFoundError: Basis set not found for Ba
2026-01-19T14:12:01.745129,DFT,PBE,cc-pVDZ,molecule_080atoms.xyz,81,True,351.52739572525024,2709.47265625,729,-1524.9353189546405,
2026-01-19T14:18:41.658409,DFT,PBE,cc-pVDZ,molecule_090atoms.xyz,90,True,399.85609698295593,3215.25,864,-2032.7939148873147,
2026-01-19T14:28:41.878670,DFT,PBE,cc-pVDZ,molecule_100atoms.xyz,100,False,600.0,3925.90234375,,,TIMEOUT
2026-01-19T14:28:43.701865,DFT,TPSS,STO-3G,molecule_003atoms.xyz,3,True,1.808586835861206,165.82421875,7,-75.33404542966784,
2026-01-19T14:28:45.426420,DFT,TPSS,STO-3G,molecule_004atoms.xyz,4,True,1.678771734237671,173.125,8,-55.80329728181381,
2026-01-19T14:28:46.944036,DFT,TPSS,STO-3G,molecule_005atoms.xyz,5,True,1.4403505325317383,180.953125,9,-40.052297016305864,
2026-01-19T14:28:49.272960,DFT,TPSS,STO-3G,molecule_006atoms.xyz,6,True,2.2585902214050293,248.87890625,14,-114.20496482622187,
2026-01-19T14:28:51.705633,DFT,TPSS,STO-3G,molecule_007atoms.xyz,7,True,2.401801109313965,261.38671875,15,-94.66434376597188,
2026-01-19T14:28:53.825943,DFT,TPSS,STO-3G,molecule_008atoms.xyz,8,True,2.0190584659576416,266.21484375,16,-78.91253026450698,
2026-01-19T14:28:58.754873,DFT,TPSS,STO-3G,molecule_009atoms.xyz,9,True,4.908796548843384,284.73046875,21,-153.06967010387956,
2026-01-19T14:29:04.103703,DFT,TPSS,STO-3G,molecule_010atoms.xyz,10,True,5.257081508636475,303.5703125,26,-190.74004685105726,
2026-01-19T14:29:13.678795,DFT,TPSS,STO-3G,molecule_020atoms.xyz,20,True,9.565960884094238,418.5234375,44,-234.35222046527102,
2026-01-19T14:29:32.674658,DFT,TPSS,STO-3G,molecule_030atoms.xyz,29,True,18.964770793914795,572.40234375,73,-461.4280781310665,
2026-01-19T14:30:14.423420,DFT,TPSS,STO-3G,molecule_040atoms.xyz,40,True,41.711859464645386,1033.5,128,-1074.3373731645313,
2026-01-19T14:30:55.626740,DFT,TPSS,STO-3G,molecule_050atoms.xyz,49,True,41.1954710483551,1115.88671875,133,-880.6292958804693,
2026-01-19T14:34:26.699910,DFT,TPSS,STO-3G,molecule_060atoms.xyz,59,True,211.01991963386536,2585.51953125,199,-2219.1884751405037,
2026-01-19T14:34:26.817006,DFT,TPSS,STO-3G,molecule_070atoms.xyz,69,False,0.01370382308959961,90.65625,,,BasisNotFoundError: Basis set not found for Ba
2026-01-19T14:37:29.397093,DFT,TPSS,STO-3G,molecule_080atoms.xyz,81,True,182.5186743736267,3810.078125,225,-1508.402924303226,
2026-01-19T14:41:34.149692,DFT,TPSS,STO-3G,molecule_090atoms.xyz,90,True,244.69030499458313,1476.65234375,274,-2010.4262842431372,
2026-01-19T14:47:48.172000,DFT,TPSS,STO-3G,molecule_100atoms.xyz,100,True,373.99349331855774,1821.8515625,348,-3087.9540894988404,
2026-01-19T14:57:48.331149,DFT,TPSS,STO-3G,molecule_0110atoms.xyz,104,False,600.0,1584.234375,,,TIMEOUT
2026-01-19T14:57:50.455233,DFT,TPSS,6-31G(d),molecule_003atoms.xyz,3,True,2.0725014209747314,178.4375,18,-76.40887955255428,
2026-01-19T14:57:52.974149,DFT,TPSS,6-31G(d),molecule_004atoms.xyz,4,True,2.435614585876465,243.71875,20,-56.548263718768354,
2026-01-19T14:57:55.095058,DFT,TPSS,6-31G(d),molecule_005atoms.xyz,5,True,2.031769037246704,257.5703125,22,-40.521981325788666,
2026-01-19T14:57:59.821952,DFT,TPSS,6-31G(d),molecule_006atoms.xyz,6,True,4.653987646102905,313.78515625,36,-115.72232751226113,
2026-01-19T14:58:04.252998,DFT,TPSS,6-31G(d),molecule_007atoms.xyz,7,True,4.399091958999634,336.58984375,38,-95.8598950031526,
2026-01-19T14:58:09.110957,DFT,TPSS,6-31G(d),molecule_008atoms.xyz,8,True,4.8255016803741455,343.5390625,40,-79.83892516657846,
2026-01-19T14:58:17.142436,DFT,TPSS,6-31G(d),molecule_009atoms.xyz,9,True,7.9391632080078125,407.5546875,54,-155.04699656928017,
2026-01-19T14:58:26.617654,DFT,TPSS,6-31G(d),molecule_010atoms.xyz,10,True,9.403402328491211,493.796875,68,-193.17832488695453,
2026-01-19T14:58:44.892008,DFT,TPSS,6-31G(d),molecule_020atoms.xyz,20,True,18.230433225631714,824.53515625,112,-237.11000138847723,
2026-01-19T14:59:14.451924,DFT,TPSS,6-31G(d),molecule_030atoms.xyz,29,True,29.499730587005615,2286.11328125,190,-467.1143273483917,
2026-01-19T15:00:43.027968,DFT,TPSS,6-31G(d),molecule_040atoms.xyz,40,True,88.52592730522156,1402.3671875,344,-1088.263141950158,
2026-01-19T15:02:38.572722,DFT,TPSS,6-31G(d),molecule_050atoms.xyz,49,True,115.52330780029297,1437.9375,350,-891.4053203126059,
2026-01-19T15:10:47.685646,DFT,TPSS,6-31G(d),molecule_060atoms.xyz,59,True,489.09316658973694,1970.00390625,522,-2245.817986543642,
2026-01-19T15:10:47.802001,DFT,TPSS,6-31G(d),molecule_070atoms.xyz,69,False,0.013979911804199219,90.65625,,,BasisNotFoundError: Basis set not found for Ba
2026-01-19T15:16:17.841787,DFT,TPSS,6-31G(d),molecule_080atoms.xyz,81,True,329.9780013561249,2233.21484375,594,-1527.062918072204,
2026-01-19T15:22:21.259785,DFT,TPSS,6-31G(d),molecule_090atoms.xyz,90,True,363.40686416625977,2693.36328125,732,-2035.5039481203776,
2026-01-19T15:32:21.462124,DFT,TPSS,6-31G(d),molecule_100atoms.xyz,100,False,600.0,3359.66015625,,,TIMEOUT
2026-01-19T15:32:23.882342,DFT,TPSS,cc-pVDZ,molecule_003atoms.xyz,3,True,2.3772919178009033,240.203125,24,-76.42327690581067,
2026-01-19T15:32:26.405803,DFT,TPSS,cc-pVDZ,molecule_004atoms.xyz,4,True,2.496095895767212,263.42578125,29,-56.55660760681788,
2026-01-19T15:32:30.129308,DFT,TPSS,cc-pVDZ,molecule_005atoms.xyz,5,True,3.673280715942383,285.796875,34,-40.5225421402061,
2026-01-19T15:32:34.957754,DFT,TPSS,cc-pVDZ,molecule_006atoms.xyz,6,True,4.815825462341309,354.34375,48,-115.73526114081275,
2026-01-19T15:32:39.906263,DFT,TPSS,cc-pVDZ,molecule_007atoms.xyz,7,True,4.933541774749756,390.41015625,53,-95.86868539480092,
2026-01-19T15:32:44.363781,DFT,TPSS,cc-pVDZ,molecule_008atoms.xyz,8,True,4.4046220779418945,418.3671875,58,-79.84201268094702,
2026-01-19T15:32:53.953347,DFT,TPSS,cc-pVDZ,molecule_009atoms.xyz,9,True,9.58145523071289,506.5546875,72,-155.06284238814044,
2026-01-19T15:33:03.502651,DFT,TPSS,cc-pVDZ,molecule_010atoms.xyz,10,True,9.46126675605774,600.66796875,86,-193.19394035017982,
2026-01-19T15:33:22.085859,DFT,TPSS,cc-pVDZ,molecule_020atoms.xyz,20,True,18.504401922225952,1404.7109375,154,-237.12131365047233,
2026-01-19T15:34:20.571258,DFT,TPSS,cc-pVDZ,molecule_030atoms.xyz,29,True,58.471702337265015,1058.91796875,244,-467.15532096776906,
2026-01-19T15:36:09.690746,DFT,TPSS,cc-pVDZ,molecule_040atoms.xyz,40,True,109.0952730178833,1587.7734375,398,-1088.3583529239115,
2026-01-19T15:38:44.825233,DFT,TPSS,cc-pVDZ,molecule_050atoms.xyz,49,True,155.05059933662415,1714.88671875,434,-891.4770404419032,
2026-01-19T15:48:44.982177,DFT,TPSS,cc-pVDZ,molecule_060atoms.xyz,59,False,600.0,2313.15625,,,TIMEOUT
2026-01-19T15:48:46.699588,DFT,B3LYP,STO-3G,molecule_003atoms.xyz,3,True,1.6254825592041016,161.84375,7,-75.31872271233108,
2026-01-19T15:48:48.630737,DFT,B3LYP,STO-3G,molecule_004atoms.xyz,4,True,1.9003674983978271,166.11328125,8,-55.78918349373642,
2026-01-19T15:48:50.051227,DFT,B3LYP,STO-3G,molecule_005atoms.xyz,5,True,1.4047744274139404,177.49609375,9,-40.03846624246969,
2026-01-19T15:48:52.586161,DFT,B3LYP,STO-3G,molecule_006atoms.xyz,6,True,2.490372657775879,244.50390625,14,-114.17257562552066,
2026-01-19T15:48:55.014580,DFT,B3LYP,STO-3G,molecule_007atoms.xyz,7,True,2.4100630283355713,251.7890625,15,-94.63434660727678,
2026-01-19T15:48:57.036275,DFT,B3LYP,STO-3G,molecule_008atoms.xyz,8,True,1.9994418621063232,257.27734375,16,-78.88432070899725,
2026-01-19T15:49:01.875427,DFT,B3LYP,STO-3G,molecule_009atoms.xyz,9,True,4.752046585083008,275.94140625,21,-153.02278720642744,
2026-01-19T15:49:06.612304,DFT,B3LYP,STO-3G,molecule_010atoms.xyz,10,True,4.667705059051514,296.3515625,26,-190.66985031727106,
2026-01-19T15:49:15.564149,DFT,B3LYP,STO-3G,molecule_020atoms.xyz,20,True,8.908831357955933,415.61328125,44,-234.26806730376418,
2026-01-19T15:49:33.031174,DFT,B3LYP,STO-3G,molecule_030atoms.xyz,29,True,17.37680149078369,575.28515625,73,-461.25908831374386,
2026-01-19T15:50:06.092777,DFT,B3LYP,STO-3G,molecule_040atoms.xyz,40,True,33.03954839706421,1032.4140625,128,-1073.953963788176,
2026-01-19T15:50:41.784089,DFT,B3LYP,STO-3G,molecule_050atoms.xyz,49,True,35.67453980445862,1152.890625,133,-880.2973735553205,
2026-01-19T15:52:04.336124,DFT,B3LYP,STO-3G,molecule_060atoms.xyz,59,True,82.46477150917053,2585.41796875,199,-2218.5544986362015,
2026-01-19T15:52:04.452678,DFT,B3LYP,STO-3G,molecule_070atoms.xyz,69,False,0.014434814453125,90.65625,,,BasisNotFoundError: Basis set not found for Ba
2026-01-19T15:53:21.226508,DFT,B3LYP,STO-3G,molecule_080atoms.xyz,81,True,76.67650866508484,3549.84765625,225,-1507.8132165590046,
2026-01-19T15:55:17.430011,DFT,B3LYP,STO-3G,molecule_090atoms.xyz,90,True,116.17170906066895,1238.2734375,274,-2009.630122771845,
2026-01-19T15:58:17.962149,DFT,B3LYP,STO-3G,molecule_100atoms.xyz,100,True,180.46711015701294,1462.640625,348,-3086.829406279521,
2026-01-19T16:07:12.297151,DFT,B3LYP,STO-3G,molecule_0110atoms.xyz,104,False,534.3153269290924,1288.234375,,,RuntimeError: SCF did not converge
2026-01-19T16:17:12.511402,DFT,B3LYP,STO-3G,molecule_0100atoms.xyz,107,False,600.0,2070.16796875,,,TIMEOUT
2026-01-19T16:17:14.746118,DFT,B3LYP,6-31G(d),molecule_003atoms.xyz,3,True,2.16914963722229,175.9453125,18,-76.40618470953399,
2026-01-19T16:17:16.870466,DFT,B3LYP,6-31G(d),molecule_004atoms.xyz,4,True,2.078643560409546,235.31640625,20,-56.545112198121004,
2026-01-19T16:17:18.901842,DFT,B3LYP,6-31G(d),molecule_005atoms.xyz,5,True,1.9874608516693115,248.7109375,22,-40.51702346590016,
2026-01-19T16:17:23.724103,DFT,B3LYP,6-31G(d),molecule_006atoms.xyz,6,True,4.7828497886657715,299.23046875,36,-115.71032107898225,
2026-01-19T16:17:28.670233,DFT,B3LYP,6-31G(d),molecule_007atoms.xyz,7,True,4.930779218673706,317.0390625,38,-95.84856250505455,
2026-01-19T16:17:32.696465,DFT,B3LYP,6-31G(d),molecule_008atoms.xyz,8,True,3.922247886657715,323.90234375,40,-79.82739399572677,
2026-01-19T16:17:40.853590,DFT,B3LYP,6-31G(d),molecule_009atoms.xyz,9,True,8.12700605392456,386.63671875,54,-155.02876860547207,
2026-01-19T16:17:49.008506,DFT,B3LYP,6-31G(d),molecule_010atoms.xyz,10,True,8.142117977142334,471.546875,68,-193.1509343189072,
2026-01-19T16:18:05.614299,DFT,B3LYP,6-31G(d),molecule_020atoms.xyz,20,True,16.52064275741577,776.1953125,112,-237.0734792549936,
2026-01-19T16:18:30.037792,DFT,B3LYP,6-31G(d),molecule_030atoms.xyz,29,True,24.399956941604614,2241.09765625,190,-467.0414672216357,
2026-01-19T16:19:35.675232,DFT,B3LYP,6-31G(d),molecule_040atoms.xyz,40,True,65.5456485748291,1394.39453125,344,-1088.1006289971858,
2026-01-19T16:21:06.719746,DFT,B3LYP,6-31G(d),molecule_050atoms.xyz,49,True,91.00397253036499,1419.875,350,-891.2516082747898,
2026-01-19T16:24:59.404853,DFT,B3LYP,6-31G(d),molecule_060atoms.xyz,59,True,232.6761486530304,1997.14453125,522,-2245.515583845245,
2026-01-19T16:24:59.522930,DFT,B3LYP,6-31G(d),molecule_070atoms.xyz,69,False,0.01438450813293457,90.65625,,,BasisNotFoundError: Basis set not found for Ba
2026-01-19T16:27:52.505200,DFT,B3LYP,6-31G(d),molecule_080atoms.xyz,81,True,172.93465566635132,2251.0859375,594,-1526.8067054212056,
2026-01-19T16:32:03.835939,DFT,B3LYP,6-31G(d),molecule_090atoms.xyz,90,True,251.2402675151825,2750.94921875,732,-2035.1386451388216,
2026-01-19T16:40:43.224576,DFT,B3LYP,6-31G(d),molecule_100atoms.xyz,100,True,519.2937126159668,3530.2890625,944,-3127.65217188755,
2026-01-19T16:50:43.380585,DFT,B3LYP,6-31G(d),molecule_0110atoms.xyz,104,False,600.0,2942.0234375,,,TIMEOUT
2026-01-19T16:50:45.506560,DFT,B3LYP,cc-pVDZ,molecule_003atoms.xyz,3,True,2.094906806945801,231.98046875,24,-76.4196551528368,
2026-01-19T16:50:47.931784,DFT,B3LYP,cc-pVDZ,molecule_004atoms.xyz,4,True,2.36564040184021,255.07421875,29,-56.55281369051053,
2026-01-19T16:50:51.161851,DFT,B3LYP,cc-pVDZ,molecule_005atoms.xyz,5,True,3.180320978164673,275.5625,34,-40.516128437033785,
2026-01-19T16:50:55.884399,DFT,B3LYP,cc-pVDZ,molecule_006atoms.xyz,6,True,4.705872058868408,331.296875,48,-115.72104564298957,
2026-01-19T16:51:01.014914,DFT,B3LYP,cc-pVDZ,molecule_007atoms.xyz,7,True,5.077100515365601,365.63671875,53,-95.85561674748898,
2026-01-19T16:51:04.957529,DFT,B3LYP,cc-pVDZ,molecule_008atoms.xyz,8,True,3.9144539833068848,390.3671875,58,-79.82814998002394,
2026-01-19T16:51:14.004952,DFT,B3LYP,cc-pVDZ,molecule_009atoms.xyz,9,True,8.992687225341797,468.28125,72,-155.0416666832769,
2026-01-19T16:51:22.355900,DFT,B3LYP,cc-pVDZ,molecule_010atoms.xyz,10,True,8.272050380706787,549.78515625,86,-193.16291244246028,
2026-01-19T16:51:38.380741,DFT,B3LYP,cc-pVDZ,molecule_020atoms.xyz,20,True,16.003793001174927,1325.61328125,154,-237.07932611567597,
2026-01-19T16:52:29.524302,DFT,B3LYP,cc-pVDZ,molecule_030atoms.xyz,29,True,51.108805894851685,994.6875,244,-467.0748697498086,
2026-01-19T16:53:49.464921,DFT,B3LYP,cc-pVDZ,molecule_040atoms.xyz,40,True,79.86711955070496,1568.0390625,398,-1088.1819647442478,
2026-01-19T16:55:51.602440,DFT,B3LYP,cc-pVDZ,molecule_050atoms.xyz,49,True,122.09691071510315,1650.21875,434,-891.3101146364565,
2026-01-19T17:00:55.280198,DFT,B3LYP,cc-pVDZ,molecule_060atoms.xyz,59,True,303.5869171619415,2308.359375,600,-2245.6793284658465,
2026-01-19T17:00:55.398178,DFT,B3LYP,cc-pVDZ,molecule_070atoms.xyz,69,False,0.015239715576171875,90.65625,,,BasisNotFoundError: Basis set not found for Ba
2026-01-19T17:05:08.709250,DFT,B3LYP,cc-pVDZ,molecule_080atoms.xyz,81,True,253.26277208328247,2727.1796875,729,-1526.918505370631,
2026-01-19T17:11:23.689868,DFT,B3LYP,cc-pVDZ,molecule_090atoms.xyz,90,True,374.8812446594238,3242.05859375,864,-2035.2840150672828,
2026-01-19T17:21:23.903371,DFT,B3LYP,cc-pVDZ,molecule_100atoms.xyz,100,False,600.0,3966.046875,,,TIMEOUT
2026-01-19T17:21:25.628122,DFT,wB97X,STO-3G,molecule_003atoms.xyz,3,True,1.6656715869903564,173.9921875,7,-75.31209892641206,
2026-01-19T17:21:27.556619,DFT,wB97X,STO-3G,molecule_004atoms.xyz,4,True,1.8453707695007324,170.05078125,8,-55.78247367514079,
2026-01-19T17:21:29.187620,DFT,wB97X,STO-3G,molecule_005atoms.xyz,5,True,1.5714399814605713,183.3203125,9,-40.02917481361154,
2026-01-19T17:21:31.714709,DFT,wB97X,STO-3G,molecule_006atoms.xyz,6,True,2.424778938293457,251.921875,14,-114.16133092670282,
2026-01-19T17:21:34.340931,DFT,wB97X,STO-3G,molecule_007atoms.xyz,7,True,2.5579311847686768,261.07421875,15,-94.62501511621157,
2026-01-19T17:21:36.664786,DFT,wB97X,STO-3G,molecule_008atoms.xyz,8,True,2.306633472442627,255.625,16,-78.87378506152658,
2026-01-19T17:21:41.999326,DFT,wB97X,STO-3G,molecule_009atoms.xyz,9,True,5.277266502380371,274.6328125,21,-153.01017809855097,
2026-01-19T17:21:47.539601,DFT,wB97X,STO-3G,molecule_010atoms.xyz,10,True,5.5078840255737305,295.2578125,26,-190.6557447088252,
2026-01-19T17:22:03.205813,DFT,wB97X,STO-3G,molecule_020atoms.xyz,20,True,15.594131231307983,413.53125,44,-234.2561603974212,
2026-01-19T17:22:59.141129,DFT,wB97X,STO-3G,molecule_030atoms.xyz,29,True,55.90283989906311,568.94140625,73,-461.2357033257706,
2026-01-19T17:24:23.801341,DFT,wB97X,STO-3G,molecule_040atoms.xyz,40,True,84.62978672981262,1032.9765625,128,-1073.9103475412392,
2026-01-19T17:26:23.941483,DFT,wB97X,STO-3G,molecule_050atoms.xyz,49,True,120.1042263507843,1086.51171875,133,-880.293563701523,
2026-01-19T17:30:55.589235,DFT,wB97X,STO-3G,molecule_060atoms.xyz,59,True,271.62810230255127,2586.859375,199,-2218.487017140434,
2026-01-19T17:30:55.704767,DFT,wB97X,STO-3G,molecule_070atoms.xyz,69,False,0.013429641723632812,90.65625,,,BasisNotFoundError: Basis set not found for Ba
2026-01-19T17:33:13.726754,DFT,wB97X,STO-3G,molecule_080atoms.xyz,81,True,138.00579380989075,3552.80078125,225,-1507.7223317271432,
2026-01-19T17:36:03.302512,DFT,wB97X,STO-3G,molecule_090atoms.xyz,90,True,169.48817658424377,1205.2578125,274,-2009.5241731234182,
2026-01-19T17:40:38.557048,DFT,wB97X,STO-3G,molecule_100atoms.xyz,100,True,275.1725673675537,1471.71875,348,-3086.6958483884646,
2026-01-19T17:46:41.913662,DFT,wB97X,STO-3G,molecule_0110atoms.xyz,104,True,363.27784729003906,1286.66796875,296,-2260.8014730774175,
2026-01-19T17:56:42.124292,DFT,wB97X,STO-3G,molecule_0100atoms.xyz,107,False,600.0,2104.609375,,,TIMEOUT
2026-01-19T17:56:44.374403,DFT,wB97X,6-31G(d),molecule_003atoms.xyz,3,True,2.1813089847564697,188.71875,18,-76.38531554729698,
2026-01-19T17:56:46.912159,DFT,wB97X,6-31G(d),molecule_004atoms.xyz,4,True,2.4675145149230957,241.4765625,20,-56.52638841864328,
2026-01-19T17:56:49.138682,DFT,wB97X,6-31G(d),molecule_005atoms.xyz,5,True,2.136385679244995,260.92578125,22,-40.498343335308654,
2026-01-19T17:56:54.662805,DFT,wB97X,6-31G(d),molecule_006atoms.xyz,6,True,5.449760437011719,297.765625,36,-115.67677238561237,
2026-01-19T17:57:00.612812,DFT,wB97X,6-31G(d),molecule_007atoms.xyz,7,True,5.9307191371917725,317.40234375,38,-95.81877973895543,
2026-01-19T17:57:05.356895,DFT,wB97X,6-31G(d),molecule_008atoms.xyz,8,True,4.659296989440918,323.95703125,40,-79.79899490662527,
2026-01-19T17:57:16.723362,DFT,wB97X,6-31G(d),molecule_009atoms.xyz,9,True,11.27969217300415,399.25,54,-154.9856522793233,
2026-01-19T17:57:31.173952,DFT,wB97X,6-31G(d),molecule_010atoms.xyz,10,True,14.44098448753357,459.390625,68,-193.09859967870986,
2026-01-19T17:57:58.758569,DFT,wB97X,6-31G(d),molecule_020atoms.xyz,20,True,27.559972047805786,773.66796875,112,-237.01051133234571,
2026-01-19T17:58:54.821481,DFT,wB97X,6-31G(d),molecule_030atoms.xyz,29,True,55.977805614471436,2241.609375,190,-466.92836668293717,
2026-01-19T18:00:27.383926,DFT,wB97X,6-31G(d),molecule_040atoms.xyz,40,True,92.46998834609985,1409.9140625,344,-1087.8544341048926,
2026-01-19T18:02:40.430774,DFT,wB97X,6-31G(d),molecule_050atoms.xyz,49,True,132.94163846969604,1388.70703125,350,-891.0747820210545,
2026-01-19T18:09:50.447219,DFT,wB97X,6-31G(d),molecule_060atoms.xyz,59,True,430.00202441215515,2011.859375,522,-2245.158381914745,
2026-01-19T18:09:50.566573,DFT,wB97X,6-31G(d),molecule_070atoms.xyz,69,False,0.014627933502197266,90.65625,,,BasisNotFoundError: Basis set not found for Ba
2026-01-19T18:13:42.483065,DFT,wB97X,6-31G(d),molecule_080atoms.xyz,81,True,231.8937714099884,2319.30078125,594,-1526.428700171116,
2026-01-19T18:20:30.919781,DFT,wB97X,6-31G(d),molecule_090atoms.xyz,90,True,408.3811869621277,2782.76171875,732,-2034.6648248389674,
2026-01-19T18:30:31.145624,DFT,wB97X,6-31G(d),molecule_100atoms.xyz,100,False,600.0,3562.31640625,,,TIMEOUT
2026-01-19T18:30:33.870637,DFT,wB97X,cc-pVDZ,molecule_003atoms.xyz,3,True,2.7097280025482178,253.75,24,-76.39906835676263,
2026-01-19T18:30:36.594269,DFT,wB97X,cc-pVDZ,molecule_004atoms.xyz,4,True,2.710341215133667,257.76171875,29,-56.53502509092708,
2026-01-19T18:30:40.553508,DFT,wB97X,cc-pVDZ,molecule_005atoms.xyz,5,True,3.8805673122406006,279.10546875,34,-40.49917867235137,
2026-01-19T18:30:46.294777,DFT,wB97X,cc-pVDZ,molecule_006atoms.xyz,6,True,5.65863037109375,332.69140625,48,-115.68854693923981,
2026-01-19T18:30:53.135194,DFT,wB97X,cc-pVDZ,molecule_007atoms.xyz,7,True,6.831045866012573,365.6796875,53,-95.82747520527825,
2026-01-19T18:30:59.067759,DFT,wB97X,cc-pVDZ,molecule_008atoms.xyz,8,True,5.8289759159088135,392.60546875,58,-79.80192178112699,
2026-01-19T18:31:12.636953,DFT,wB97X,cc-pVDZ,molecule_009atoms.xyz,9,True,13.480188369750977,466.8828125,72,-154.99982397050275,
2026-01-19T18:31:28.092808,DFT,wB97X,cc-pVDZ,molecule_010atoms.xyz,10,True,15.354100942611694,550.71484375,86,-193.11200233017482,
2026-01-19T18:32:03.317628,DFT,wB97X,cc-pVDZ,molecule_020atoms.xyz,20,True,35.13506484031677,1325.515625,154,-237.02037393634762,
2026-01-19T18:33:20.798084,DFT,wB97X,cc-pVDZ,molecule_030atoms.xyz,29,True,77.42321443557739,1009.9921875,244,-466.96618054912415,
2026-01-19T18:35:19.550200,DFT,wB97X,cc-pVDZ,molecule_040atoms.xyz,40,True,118.69164824485779,1540.16796875,398,-1087.9374514751455,
2026-01-19T18:38:38.041571,DFT,wB97X,cc-pVDZ,molecule_050atoms.xyz,49,True,198.44375133514404,1648.65625,434,-891.1394564428324,
2026-01-19T18:48:19.316754,DFT,wB97X,cc-pVDZ,molecule_060atoms.xyz,59,True,581.1724922657013,2325.75,600,-2245.3277932430888,
2026-01-19T18:48:19.432295,DFT,wB97X,cc-pVDZ,molecule_070atoms.xyz,69,False,0.01404714584350586,90.65625,,,BasisNotFoundError: Basis set not found for Ba
2026-01-19T18:54:09.543442,DFT,wB97X,cc-pVDZ,molecule_080atoms.xyz,81,True,350.0860719680786,2734.37109375,729,-1526.5517948623997,
2026-01-19T19:04:09.746460,DFT,wB97X,cc-pVDZ,molecule_090atoms.xyz,90,False,600.0,3269.41015625,,,TIMEOUT
2026-01-19T19:04:12.667339,MP2,MP2,STO-3G,molecule_003atoms.xyz,3,True,2.8270790576934814,154.80078125,7,-75.0032988450862,
2026-01-19T19:04:13.083853,MP2,MP2,STO-3G,molecule_004atoms.xyz,4,True,0.3348562717437744,162.92578125,8,-55.50457723248024,
2026-01-19T19:04:13.400130,MP2,MP2,STO-3G,molecule_005atoms.xyz,5,True,0.21220064163208008,159.171875,9,-39.78321143619436,
2026-01-19T19:04:13.926870,MP2,MP2,STO-3G,molecule_006atoms.xyz,6,True,0.5115048885345459,204.59375,14,-113.6361281408081,
2026-01-19T19:04:14.442621,MP2,MP2,STO-3G,molecule_007atoms.xyz,7,True,0.46529412269592285,205.83203125,15,-94.13162818794022,
2026-01-19T19:04:14.860566,MP2,MP2,STO-3G,molecule_008atoms.xyz,8,True,0.36986875534057617,206.09765625,16,-78.41256652370367,
2026-01-19T19:04:15.377258,MP2,MP2,STO-3G,molecule_009atoms.xyz,9,True,0.4099111557006836,204.59765625,21,-152.26968214459708,
2026-01-19T19:04:15.893887,MP2,MP2,STO-3G,molecule_010atoms.xyz,10,True,0.4148986339569092,204.65234375,26,-189.75227929583195,
2026-01-19T19:04:17.919516,MP2,MP2,STO-3G,molecule_020atoms.xyz,20,True,1.9554598331451416,250.140625,44,-232.93208196782692,
2026-01-19T19:04:21.368648,MP2,MP2,STO-3G,molecule_030atoms.xyz,29,True,3.434448719024658,289.0625,73,-458.8667077269039,
2026-01-19T19:04:32.551583,MP2,MP2,STO-3G,molecule_040atoms.xyz,40,True,11.107946634292603,784.421875,128,-1069.1361523226738,
2026-01-19T19:04:44.950296,MP2,MP2,STO-3G,molecule_050atoms.xyz,49,True,12.32961654663086,876.73828125,133,-875.8575179131352,
2026-01-19T19:05:18.683781,MP2,MP2,STO-3G,molecule_060atoms.xyz,59,True,33.632495164871216,3778.26171875,199,-2210.8444450819575,
2026-01-19T19:05:18.802765,MP2,MP2,STO-3G,molecule_070atoms.xyz,69,False,0.01632070541381836,90.65625,,,BasisNotFoundError: Basis set not found for Ba
2026-01-19T19:05:46.120471,MP2,MP2,STO-3G,molecule_080atoms.xyz,81,True,27.28987455368042,4606.12890625,225,-1500.251644982296,
2026-01-19T19:07:11.199783,MP2,MP2,STO-3G,molecule_090atoms.xyz,90,True,85.04761290550232,3746.91796875,274,-1999.9482387719968,
2026-01-19T19:09:53.597561,MP2,MP2,STO-3G,molecule_100atoms.xyz,100,True,162.3403079509735,6310.1640625,348,-3073.1229024907843,
2026-01-19T19:12:03.811914,MP2,MP2,STO-3G,molecule_0110atoms.xyz,104,True,130.1395184993744,3744.64453125,296,-2250.4706963731537,
2026-01-19T19:22:04.010228,MP2,MP2,STO-3G,molecule_0100atoms.xyz,107,False,600.0,439.63671875,,,TIMEOUT
2026-01-19T19:22:04.329173,MP2,MP2,6-31G(d),molecule_003atoms.xyz,3,True,0.2539815902709961,150.13671875,18,-76.19475207922561,
2026-01-19T19:22:04.754397,MP2,MP2,6-31G(d),molecule_004atoms.xyz,4,True,0.3427307605743408,200.39453125,20,-56.352114540824985,
2026-01-19T19:22:05.171167,MP2,MP2,6-31G(d),molecule_005atoms.xyz,5,True,0.3464665412902832,203.6875,22,-40.332525210854875,
2026-01-19T19:22:07.800800,MP2,MP2,6-31G(d),molecule_006atoms.xyz,6,True,2.526139497756958,205.66796875,36,-115.34400498172737,
2026-01-19T19:22:10.321191,MP2,MP2,6-31G(d),molecule_007atoms.xyz,7,True,2.465674877166748,209.00390625,38,-95.50437518172014,
2026-01-19T19:22:12.251711,MP2,MP2,6-31G(d),molecule_008atoms.xyz,8,True,1.9090988636016846,207.0625,40,-79.49501212048015,
2026-01-19T19:22:15.075678,MP2,MP2,6-31G(d),molecule_009atoms.xyz,9,True,2.8112525939941406,219.21484375,54,-154.51533417380375,
2026-01-19T19:22:17.998848,MP2,MP2,6-31G(d),molecule_010atoms.xyz,10,True,2.881244421005249,256.25,68,-192.525467043864,
2026-01-19T19:22:24.847491,MP2,MP2,6-31G(d),molecule_020atoms.xyz,20,True,6.823859691619873,495.13671875,112,-236.1576528363384,
2026-01-19T19:22:34.888930,MP2,MP2,6-31G(d),molecule_030atoms.xyz,29,True,10.007954359054565,2399.6953125,190,-465.4345100701171,
2026-01-19T19:23:39.079127,MP2,MP2,6-31G(d),molecule_040atoms.xyz,40,True,64.09145617485046,3808.6015625,344,-1084.8820477767292,
2026-01-19T19:25:03.857360,MP2,MP2,6-31G(d),molecule_050atoms.xyz,49,True,84.7204704284668,3931.25,350,-888.3228546818347,
2026-01-19T19:29:42.933830,MP2,MP2,6-31G(d),molecule_060atoms.xyz,59,True,278.9655773639679,20096.7265625,522,-2240.15904029132,
2026-01-19T19:29:43.051360,MP2,MP2,6-31G(d),molecule_070atoms.xyz,69,False,0.015167951583862305,90.65625,,,BasisNotFoundError: Basis set not found for Ba
2026-01-19T19:34:31.828822,MP2,MP2,6-31G(d),molecule_080atoms.xyz,81,True,288.7019827365875,29668.203125,594,-1521.7667238135427,
2026-01-19T19:44:32.051406,MP2,MP2,6-31G(d),molecule_090atoms.xyz,90,False,600.0,30618.61328125,,,TIMEOUT
2026-01-19T19:44:32.468853,MP2,MP2,cc-pVDZ,molecule_003atoms.xyz,3,True,0.38956189155578613,206.17578125,24,-76.22945649519161,
2026-01-19T19:44:32.885626,MP2,MP2,cc-pVDZ,molecule_004atoms.xyz,4,True,0.36251044273376465,206.08984375,29,-56.38320853170943,
2026-01-19T19:44:34.807444,MP2,MP2,cc-pVDZ,molecule_005atoms.xyz,5,True,1.82322359085083,207.1875,34,-40.362722004703166,
2026-01-19T19:44:37.344726,MP2,MP2,cc-pVDZ,molecule_006atoms.xyz,6,True,2.4487695693969727,211.34765625,48,-115.39103855823447,
2026-01-19T19:44:39.880575,MP2,MP2,cc-pVDZ,molecule_007atoms.xyz,7,True,2.43440318107605,209.84375,53,-95.55028870161159,
2026-01-19T19:44:42.008289,MP2,MP2,cc-pVDZ,molecule_008atoms.xyz,8,True,2.074425220489502,250.32421875,58,-79.54184503561574,
2026-01-19T19:44:45.935331,MP2,MP2,cc-pVDZ,molecule_009atoms.xyz,9,True,3.8701059818267822,268.15234375,72,-154.5789874163627,
2026-01-19T19:44:49.361425,MP2,MP2,cc-pVDZ,molecule_010atoms.xyz,10,True,3.3201823234558105,293.58203125,86,-192.5861296161217,
2026-01-19T19:44:55.912980,MP2,MP2,cc-pVDZ,molecule_020atoms.xyz,20,True,6.457520961761475,1077.15234375,154,-236.2695467356713,
2026-01-19T19:45:35.521521,MP2,MP2,cc-pVDZ,molecule_030atoms.xyz,29,True,39.54854345321655,3288.08203125,244,-465.60388251304505,
2026-01-19T19:47:05.230345,MP2,MP2,cc-pVDZ,molecule_040atoms.xyz,40,True,89.65506362915039,5501.03515625,398,-1085.137634221839,
2026-01-19T19:49:21.906075,MP2,MP2,cc-pVDZ,molecule_050atoms.xyz,49,True,136.65901017189026,6491.80859375,434,-888.5986456360115,
2026-01-19T19:55:52.169822,MP2,MP2,cc-pVDZ,molecule_060atoms.xyz,59,True,390.1813886165619,28905.5546875,600,-2240.5316693841505,
2026-01-19T19:55:52.292804,MP2,MP2,cc-pVDZ,molecule_070atoms.xyz,69,False,0.015208959579467773,90.65625,,,BasisNotFoundError: Basis set not found for Ba
2026-01-19T20:04:02.685977,MP2,MP2,cc-pVDZ,molecule_080atoms.xyz,81,True,490.2877151966095,49734.5234375,729,-1522.213360844124,
2026-01-19T20:14:02.860173,MP2,MP2,cc-pVDZ,molecule_090atoms.xyz,90,False,600.0,3379.15234375,,,TIMEOUT
2026-01-19T20:14:03.081395,CCSD,CCSD,STO-3G,molecule_003atoms.xyz,3,True,0.11044883728027344,90.65625,7,-75.01870945188378,
2026-01-19T20:14:03.199980,CCSD,CCSD,STO-3G,molecule_004atoms.xyz,4,True,0.10076475143432617,90.65625,8,-55.523860194394366,
2026-01-19T20:14:03.318354,CCSD,CCSD,STO-3G,molecule_005atoms.xyz,5,True,0.09536027908325195,92.15625,9,-39.806736688752494,
2026-01-19T20:14:03.836932,CCSD,CCSD,STO-3G,molecule_006atoms.xyz,6,True,0.45174407958984375,204.3828125,14,-113.66782659251868,
2026-01-19T20:14:04.254616,CCSD,CCSD,STO-3G,molecule_007atoms.xyz,7,True,0.3986842632293701,204.24609375,15,-94.16759737367867,
2026-01-19T20:14:04.671938,CCSD,CCSD,STO-3G,molecule_008atoms.xyz,8,True,0.3932802677154541,203.78125,16,-78.45269586091433,
2026-01-19T20:14:05.093273,CCSD,CCSD,STO-3G,molecule_009atoms.xyz,9,True,0.40476274490356445,203.87890625,21,-152.3178317547185,
2026-01-19T20:14:07.420807,CCSD,CCSD,STO-3G,molecule_010atoms.xyz,10,True,2.3140547275543213,206.5703125,26,-189.80686249947013,
2026-01-19T20:14:11.371148,CCSD,CCSD,STO-3G,molecule_020atoms.xyz,20,True,3.919121265411377,291.57421875,44,-233.03561306172767,
2026-01-19T20:14:21.920600,CCSD,CCSD,STO-3G,molecule_030atoms.xyz,29,True,10.521714210510254,658.203125,73,-459.0350614032885,
2026-01-19T20:15:56.434578,CCSD,CCSD,STO-3G,molecule_040atoms.xyz,40,True,94.45005416870117,3766.015625,128,-1069.3752650713704,
2026-01-19T20:18:02.130680,CCSD,CCSD,STO-3G,molecule_050atoms.xyz,49,True,125.65316200256348,4033.71484375,133,-876.1449752692989,
2026-01-19T20:28:02.360877,CCSD,CCSD,STO-3G,molecule_060atoms.xyz,59,False,600.0,9650.203125,,,TIMEOUT
2026-01-19T20:28:02.679432,CCSD,CCSD,6-31G(d),molecule_003atoms.xyz,3,True,0.23184466361999512,145.21875,18,-76.20386919905619,
2026-01-19T20:28:03.196956,CCSD,CCSD,6-31G(d),molecule_004atoms.xyz,4,True,0.43227100372314453,195.984375,20,-56.36784759434728,
2026-01-19T20:28:03.613533,CCSD,CCSD,6-31G(d),molecule_005atoms.xyz,5,True,0.3431847095489502,199.81640625,22,-40.35346913458132,
2026-01-19T20:28:08.157632,CCSD,CCSD,6-31G(d),molecule_006atoms.xyz,6,True,4.454846382141113,214.41015625,36,-115.36630804451502,
2026-01-19T20:28:12.792641,CCSD,CCSD,6-31G(d),molecule_007atoms.xyz,7,True,4.613433837890625,217.5234375,38,-95.53272981834886,
2026-01-19T20:28:16.626324,CCSD,CCSD,6-31G(d),molecule_008atoms.xyz,8,True,3.757676362991333,220.07421875,40,-79.52830393063759,
2026-01-19T20:28:21.563833,CCSD,CCSD,6-31G(d),molecule_009atoms.xyz,9,True,4.894514322280884,302.4921875,54,-154.54951938539207,
2026-01-19T20:28:27.811220,CCSD,CCSD,6-31G(d),molecule_010atoms.xyz,10,True,6.2375805377960205,418.21875,68,-192.56124478833715,
2026-01-19T20:28:47.700017,CCSD,CCSD,6-31G(d),molecule_020atoms.xyz,20,True,19.85471272468567,1606.140625,112,-236.23693232585714,
2026-01-19T20:33:31.743959,CCSD,CCSD,6-31G(d),molecule_030atoms.xyz,29,True,283.97375893592834,4203.15234375,190,-465.542711935965,
2026-01-19T20:43:31.991694,CCSD,CCSD,6-31G(d),molecule_040atoms.xyz,40,False,600.0,9868.9921875,,,TIMEOUT
2026-01-19T20:43:32.510123,CCSD,CCSD,cc-pVDZ,molecule_003atoms.xyz,3,True,0.42957258224487305,204.11328125,24,-76.23880870517667,
2026-01-19T20:43:33.030341,CCSD,CCSD,cc-pVDZ,molecule_004atoms.xyz,4,True,0.4252963066101074,206.015625,29,-56.399505685585645,
2026-01-19T20:43:36.363309,CCSD,CCSD,cc-pVDZ,molecule_005atoms.xyz,5,True,3.265861749649048,205.171875,34,-40.386352430355366,
2026-01-19T20:43:40.795759,CCSD,CCSD,cc-pVDZ,molecule_006atoms.xyz,6,True,4.4205896854400635,250.37890625,48,-115.41566518730566,
2026-01-19T20:43:45.422175,CCSD,CCSD,cc-pVDZ,molecule_007atoms.xyz,7,True,4.588653564453125,272.1328125,53,-95.5808489515326,
2026-01-19T20:43:49.251154,CCSD,CCSD,cc-pVDZ,molecule_008atoms.xyz,8,True,3.7483904361724854,305.0625,58,-79.57883523689819,
2026-01-19T20:43:56.191448,CCSD,CCSD,cc-pVDZ,molecule_009atoms.xyz,9,True,6.8805155754089355,454.73828125,72,-154.6163768210588,
2026-01-19T20:44:04.937479,CCSD,CCSD,cc-pVDZ,molecule_010atoms.xyz,10,True,8.692858219146729,643.28515625,86,-192.62565173358786,
2026-01-19T20:44:47.166202,CCSD,CCSD,cc-pVDZ,molecule_020atoms.xyz,20,True,42.14666295051575,3161.08203125,154,-236.35611709544972,
2026-01-19T20:54:47.412388,CCSD,CCSD,cc-pVDZ,molecule_030atoms.xyz,29,False,600.0,6455.25,,,TIMEOUT
2026-01-19T20:54:47.630240,CCSD(T),CCSD(T),STO-3G,molecule_003atoms.xyz,3,True,0.11512184143066406,90.65625,7,-75.01878326104287,
2026-01-19T20:54:47.745572,CCSD(T),CCSD(T),STO-3G,molecule_004atoms.xyz,4,True,0.1067361831665039,92.15625,8,-55.52400282873727,
2026-01-19T20:54:47.861725,CCSD(T),CCSD(T),STO-3G,molecule_005atoms.xyz,5,True,0.10200357437133789,92.15625,9,-39.80689211388334,
2026-01-19T20:54:48.281955,CCSD(T),CCSD(T),STO-3G,molecule_006atoms.xyz,6,True,0.38191723823547363,201.73046875,14,-113.66861197211925,
2026-01-19T20:54:48.698638,CCSD(T),CCSD(T),STO-3G,molecule_007atoms.xyz,7,True,0.39629340171813965,203.57421875,15,-94.16824387467253,
2026-01-19T20:54:49.215161,CCSD(T),CCSD(T),STO-3G,molecule_008atoms.xyz,8,True,0.4452075958251953,203.72265625,16,-78.45324067242247,
2026-01-19T20:54:49.732010,CCSD(T),CCSD(T),STO-3G,molecule_009atoms.xyz,9,True,0.5058488845825195,203.21875,21,-152.3191100265405,
2026-01-19T20:54:52.357274,CCSD(T),CCSD(T),STO-3G,molecule_010atoms.xyz,10,True,2.5451114177703857,208.97265625,26,-189.8103283909964,
2026-01-19T20:54:56.784662,CCSD(T),CCSD(T),STO-3G,molecule_020atoms.xyz,20,True,4.337765455245972,301.171875,44,-233.03797025336848,
2026-01-19T20:55:08.531917,CCSD(T),CCSD(T),STO-3G,molecule_030atoms.xyz,29,True,11.647917985916138,659.41015625,73,-459.04176675889204,
2026-01-19T20:57:53.703063,CCSD(T),CCSD(T),STO-3G,molecule_040atoms.xyz,40,True,165.14781022071838,3730.78515625,128,-1069.4030825135985,
2026-01-19T21:01:42.640290,CCSD(T),CCSD(T),STO-3G,molecule_050atoms.xyz,49,True,228.8355484008789,4153.31640625,133,-876.16199455955,
2026-01-19T21:01:43.057670,CCSD(T),CCSD(T),6-31G(d),molecule_003atoms.xyz,3,True,0.3185136318206787,145.31640625,18,-76.20577216772868,
2026-01-19T21:01:43.574613,CCSD(T),CCSD(T),6-31G(d),molecule_004atoms.xyz,4,True,0.4233732223510742,195.9375,20,-56.37038962531988,
2026-01-19T21:01:43.991395,CCSD(T),CCSD(T),6-31G(d),molecule_005atoms.xyz,5,True,0.36717772483825684,200.7890625,22,-40.35629612923247,
2026-01-19T21:01:48.637038,CCSD(T),CCSD(T),6-31G(d),molecule_006atoms.xyz,6,True,4.550714492797852,214.31640625,36,-115.37261208780896,
2026-01-19T21:01:53.365613,CCSD(T),CCSD(T),6-31G(d),molecule_007atoms.xyz,7,True,4.712295055389404,220.05859375,38,-95.53955661971015,
2026-01-19T21:01:57.293114,CCSD(T),CCSD(T),6-31G(d),molecule_008atoms.xyz,8,True,3.854628324508667,221.2421875,40,-79.53517944236106,
2026-01-19T21:02:03.029503,CCSD(T),CCSD(T),6-31G(d),molecule_009atoms.xyz,9,True,5.70442008972168,309.25,54,-154.5602247294536,
2026-01-19T21:02:09.970476,CCSD(T),CCSD(T),6-31G(d),molecule_010atoms.xyz,10,True,6.840614557266235,427.44140625,68,-192.57927920336635,
2026-01-19T21:02:36.604830,CCSD(T),CCSD(T),6-31G(d),molecule_020atoms.xyz,20,True,26.550873517990112,1481.6875,112,-236.26122885846468,
2026-01-19T21:11:06.645794,CCSD(T),CCSD(T),6-31G(d),molecule_030atoms.xyz,29,True,509.9845070838928,5086.3515625,190,-465.5953373572587,
2026-01-19T21:21:06.879066,CCSD(T),CCSD(T),6-31G(d),molecule_040atoms.xyz,40,False,600.0,9879.05078125,,,TIMEOUT
2026-01-19T21:21:07.395570,CCSD(T),CCSD(T),cc-pVDZ,molecule_003atoms.xyz,3,True,0.43384599685668945,204.3046875,24,-76.24202471441733,
2026-01-19T21:21:07.912367,CCSD(T),CCSD(T),cc-pVDZ,molecule_004atoms.xyz,4,True,0.47882819175720215,202.82421875,29,-56.40353132989972,
2026-01-19T21:21:11.350428,CCSD(T),CCSD(T),cc-pVDZ,molecule_005atoms.xyz,5,True,3.41823673248291,205.48046875,34,-40.39020535176831,
2026-01-19T21:21:16.090299,CCSD(T),CCSD(T),cc-pVDZ,molecule_006atoms.xyz,6,True,4.6380815505981445,258.3515625,48,-115.42357824194438,
2026-01-19T21:21:21.039404,CCSD(T),CCSD(T),cc-pVDZ,molecule_007atoms.xyz,7,True,4.939563989639282,274.2109375,53,-95.58958237138613,
2026-01-19T21:21:25.783329,CCSD(T),CCSD(T),cc-pVDZ,molecule_008atoms.xyz,8,True,4.658845663070679,305.6875,58,-79.58736749838229,
2026-01-19T21:21:33.515701,CCSD(T),CCSD(T),cc-pVDZ,molecule_009atoms.xyz,9,True,7.636890411376953,437.98828125,72,-154.62932344345737,
2026-01-19T21:21:43.469464,CCSD(T),CCSD(T),cc-pVDZ,molecule_010atoms.xyz,10,True,9.850165843963623,657.2734375,86,-192.6458273722859,
2026-01-19T21:22:55.833702,CCSD(T),CCSD(T),cc-pVDZ,molecule_020atoms.xyz,20,True,72.26641154289246,3270.60546875,154,-236.3846198376692,
2026-01-19T21:32:56.044420,CCSD(T),CCSD(T),cc-pVDZ,molecule_030atoms.xyz,29,False,600.0,6640.1015625,,,TIMEOUT
2026-01-19T21:32:56.560885,FCI,FCI,STO-3G,molecule_003atoms.xyz,3,True,0.49210667610168457,211.125,7,-75.01884331993755,
2026-01-19T21:32:56.978939,FCI,FCI,STO-3G,molecule_004atoms.xyz,4,True,0.37680506706237793,167.625,8,-55.52411729861309,
2026-01-19T21:32:58.198234,FCI,FCI,STO-3G,molecule_005atoms.xyz,5,True,1.1791698932647705,213.8515625,9,-39.8069995725532,
2026-01-19T21:33:06.135197,FCI,FCI,STO-3G,molecule_006atoms.xyz,6,True,7.879316329956055,1158.6875,14,-113.668897880094,
2026-01-19T21:33:58.965784,FCI,FCI,STO-3G,molecule_007atoms.xyz,7,True,52.78922700881958,1529.5703125,15,-94.16854694493976,
2026-01-19T21:38:27.194068,FCI,FCI,STO-3G,molecule_008atoms.xyz,8,True,268.1313283443451,6619.13671875,16,-78.4535152401051,
2026-01-19T21:46:45.162920,FCI,FCI,STO-3G,molecule_009atoms.xyz,9,False,497.8985776901245,191585.08984375,,,UNKNOWN_ERROR
2026-01-19T21:48:18.415552,FCI,FCI,STO-3G,molecule_010atoms.xyz,10,False,93.22871828079224,16172.28125,,,"MemoryError: Unable to allocate 205. TiB for an array with shape (28214528710225,) and data type float64"
2026-01-19T21:58:20.210744,FCI,FCI,STO-3G,molecule_020atoms.xyz,20,False,600.0,39194.03125,,,TIMEOUT
2026-01-19T22:01:53.459825,FCI,FCI,6-31G(d),molecule_003atoms.xyz,3,True,213.14681816101074,3902.16015625,18,-76.2064959913221,
2026-01-19T22:11:53.664255,FCI,FCI,6-31G(d),molecule_004atoms.xyz,4,False,600.0,11891.90234375,,,TIMEOUT
2026-01-19T22:21:53.930089,FCI,FCI,cc-pVDZ,molecule_003atoms.xyz,3,False,600.0,42946.73828125,,,TIMEOUT